S.No.,District Name,Police Station Name,Code
1,AGRA,ACHHNERA,447
2,AGRA,AGRA-SECTOR (VIGILANCE ESTT.),1491
3,AGRA,ANTI POWER THEFT THANA AGRA,1487
4,AGRA,ANTI-HUMAN TRAFFICKING UNIT,1489
5,AGRA,BAH,448
6,AGRA,BARHAN,449
7,AGRA,BASAI ARELA,450
8,AGRA,BASAI JAGNER,451
9,AGRA,BASAUNI,452
10,AGRA,CANT GRP,1487
11,AGRA,CHHATTA,453
12,AGRA,CHITRAHAT,454
13,AGRA,CYBER CRIME P.S AGRA,1490
14,AGRA,DAUKI,455
15,AGRA,ETMADAULA,456
16,AGRA,ETMADPUR,457
17,AGRA,FATEHABAD,458
18,AGRA,FATEHPUR SIKRI,459
19,AGRA,GRP AGRA CANTT,1489
20,AGRA,GRP AGRA FORT,1486
21,AGRA,HARI PARVAT,460
22,AGRA,IRADAT NAGAR,461
23,AGRA,JAGDISHPURA,462
24,AGRA,JAGNER,463
25,AGRA,JAITPUR,464
26,AGRA,JIWANIMANDI,465
27,AGRA,KAGARAUL,466
28,AGRA,KAMLA NAGAR,1492
29,AGRA,KHANDAULI,467
30,AGRA,KHERA RATHORE,468
31,AGRA,KHERAGARH,469
32,AGRA,KOTWALI,470
33,AGRA,LOHAMANDI,471
34,AGRA,MADAN MOHAN GATE,472
35,AGRA,MAHILA THANA,473
36,AGRA,MAHILA THANA,489
37,AGRA,MALPURA,474
38,AGRA,MANSUKHPURA,475
39,AGRA,MANTOLA,476
40,AGRA,NAI-KI-MANDI,477
41,AGRA,NEW AGRA,478
42,AGRA,NIBORA,479
43,AGRA,PARYTAN THANA,1486
44,AGRA,PIDHORA,480
45,AGRA,PINAHAT,481
46,AGRA,RAKABAGANJ,482
47,AGRA,SADAR BAZAR,483
48,AGRA,SAIYAN,484
49,AGRA,SHAHGANJ,485
50,AGRA,SHAMSABAD,486
51,AGRA,SIKANDRA,487
52,AGRA,TAJGANJ,488
53,AGRA,TOURISM,1488
54,ALIGARH,KOTWALI,512
55,ALIGARH,KHAIR,511
56,ALIGARH,CYBER CRIME P.S ALIGARH,6170
57,ALIGARH,MAHUA KHEDA,6169
58,ALIGARH,DELHI GATE,499
59,ALIGARH,GABHANA,500
60,ALIGARH,AKRABAD,490
61,ALIGARH,GRP ALIGARH,505
62,ALIGARH,RORAVAR,6171
63,ALIGARH,PISAWA,518
64,ALIGARH,CHANDAUS,494
65,ALIGARH,JAWAN,510
66,ALIGARH,BARLA,493
67,ALIGARH,CHANDPA,495
68,ALIGARH,DADON,498
69,ALIGARH,CIVIL LINES,497
70,ALIGARH,ATRAULI,491
71,ALIGARH,CHHARRA,496
72,ALIGARH,GANGIRI,502
73,ALIGARH,GONDA,503
74,ALIGARH,GANDHI PARK,501
75,ALIGARH,BANNADEVI,492
76,ALIGARH,HARDUAGANJ,504
77,ALIGARH,HATHRAS,506
78,ALIGARH,HATHRAS GATE,507
79,ALIGARH,HATHRAS JUNCTION,508
80,ALIGARH,IGLAS,509
81,ALIGARH,TAPPAL,522
82,ALIGARH,MAHILA THANA,516
83,ALIGARH,VIJAYGARH,523
84,ALIGARH,MADRAK,515
85,ALIGARH,LODHA,514
86,ALIGARH,PALIMUKIMPUR,517
87,ALIGARH,QWARSI,513
88,ALIGARH,SAIKANDRA RAO,519
89,ALIGARH,SASNI,520
90,ALIGARH,SASNI GATE,521
91,ALLAHABAD,ATTARSUIYA,524
92,ALLAHABAD,MANJHANPUR,554
93,ALLAHABAD,MOHABBATPUR,557
94,ALLAHABAD,PACHHIM SARIRA,561
95,ALLAHABAD,PIPARI,563
96,ALLAHABAD,PURAMUFTI,564
97,ALLAHABAD,SARAI AQIL,566
98,ALLAHABAD,CHARWA,528
99,ALLAHABAD,KARARI,540
100,ALLAHABAD,KASELI,542
101,ALLAHABAD,KOKHRAJ,546
102,ALLAHABAD,G.R.P.,1487
103,ALLAHABAD,KOSAMBI,548
104,ALLAHABAD,SAINI,565
105,ALLAHABAD,BARA,526
106,ALLAHABAD,PHOOLPUR,562
107,ALLAHABAD,HOLA GARH,536
108,ALLAHABAD,MAUAIMA,555
109,ALLAHABAD,DHOOMANGANJ,532
110,ALLAHABAD,KOTWALI,549
111,ALLAHABAD,INDUSTRIAL AREA,537
112,ALLAHABAD,SHIVKUTI,1486
113,ALLAHABAD,LALAPUR,551
114,ALLAHABAD,SHAHAGANJ,569
115,ALLAHABAD,KHIRI,544
116,ALLAHABAD,BAHARIA,525
117,ALLAHABAD,SHANKERGARH,570
118,ALLAHABAD,MUTHIGANJ,558
119,ALLAHABAD,MAHILA THANA,552
120,ALLAHABAD,MANDA,553
121,ALLAHABAD,KAUNDHIYARA,543
122,ALLAHABAD,GHOORPUR,534
123,ALLAHABAD,KYDGANJ,550
124,ALLAHABAD,JHUNSI,538
125,ALLAHABAD,KARAILI SCHEME,539
126,ALLAHABAD,CIVIL LINES,529
127,ALLAHABAD,KARCHHANA,541
128,ALLAHABAD,KHULDABAD,545
129,ALLAHABAD,CANTONMENT,527
130,ALLAHABAD,SORAON,571
131,ALLAHABAD,COLONALGANJ,530
132,ALLAHABAD,MEJA,556
133,ALLAHABAD,SARAI MEMREZ,568
134,ALLAHABAD,KORAON,547
135,ALLAHABAD,NAINI,559
136,ALLAHABAD,GEORGE TOWN,533
137,ALLAHABAD,HANDIA,535
138,ALLAHABAD,NAWABAGANJ,560
139,ALLAHABAD,SARAI INAYAT,567
140,ALLAHABAD,UTRAON,573
141,ALLAHABAD,THARWAI,572
142,ALLAHABAD,DARAGANJ,531
143,AMBEDKAR NAGAR,AHIRAULI,574
144,AMBEDKAR NAGAR,AKBARPUR,575
145,AMBEDKAR NAGAR,ALAPUR,576
146,AMBEDKAR NAGAR,ALIGANJ,55
147,AMBEDKAR NAGAR,BASKHARI,577
148,AMBEDKAR NAGAR,BEWANA,578
149,AMBEDKAR NAGAR,BHITI,579
150,AMBEDKAR NAGAR,G R P AKBARPUR,586
151,AMBEDKAR NAGAR,HANSWAR,580
152,AMBEDKAR NAGAR,IBRAHIMPUR,581
153,AMBEDKAR NAGAR,JAITPUR,582
154,AMBEDKAR NAGAR,JALALPUR,583
155,AMBEDKAR NAGAR,JEHANGIRGANJ,584
156,AMBEDKAR NAGAR,KATKA,6169
157,AMBEDKAR NAGAR,MAHILA THANA,585
158,AMBEDKAR NAGAR,MAHRUA,31
159,AMBEDKAR NAGAR,MALIPUR,587
160,AMBEDKAR NAGAR,RAJESULTANPUR,588
161,AMBEDKAR NAGAR,SAMMANPUR,589
162,AMBEDKAR NAGAR,TANDA,590
163,AURAIYA,ACHHALDA,10
164,AURAIYA,AJITMAL,6
165,AURAIYA,AURAIYA,1
166,AURAIYA,AYANA,4
167,AURAIYA,BELA,5
168,AURAIYA,BIDHUNA,12
169,AURAIYA,DIBIYAPUR,2
170,AURAIYA,ERWA KATRA,7
171,AURAIYA,G.R.P. PHAPHUND,13
172,AURAIYA,KOTWALI AURAIYA,9
173,AURAIYA,MAHILA POLICE STATION AURAIYA,11
174,AURAIYA,PHAPHOOND,3
175,AURAIYA,SAHAYAL,8
176,AZAMGARH,AHIRAULA,6170
177,AZAMGARH,AKHANDNAGAR,6108
178,AZAMGARH,AMETHI,6109
179,AZAMGARH,ATRAULIA,5730
180,AZAMGARH,BALDI RAI,6110
181,AZAMGARH,BARDAH,6171
182,AZAMGARH,BAZAR SHUKUL,6111
183,AZAMGARH,BILARIYAGANJ,6172
184,AZAMGARH,CHANDA,6112
185,AZAMGARH,DEOGAON,6173
186,AZAMGARH,DHAMMAUR,6113
187,AZAMGARH,DIDARGANJ,6174
188,AZAMGARH,DOSTPUR,6114
189,AZAMGARH,GAMBHIRPUR,6185
190,AZAMGARH,GAURIGANJ,6115
191,AZAMGARH,GUSAIGANJ,6116
192,AZAMGARH,HALIAPUR,6117
193,AZAMGARH,JAGDISHPUR,6118
194,AZAMGARH,JAHANAGANJ,6175
195,AZAMGARH,JAISINGHPUR,6119
196,AZAMGARH,JAMO,6120
197,AZAMGARH,JEANPUR,6176
198,AZAMGARH,KADIPUR,6121
199,AZAMGARH,KAMROLI,6122
200,AZAMGARH,KANDHRAPUR,6177
201,AZAMGARH,KAPTAN GANJ,5739
202,AZAMGARH,KARODIKALA,6123
203,AZAMGARH,KOTWALI,6124
204,AZAMGARH,KOTWALI,5740
205,AZAMGARH,KOTWALI DEHAT,6125
206,AZAMGARH,KUREBHAR,6126
207,AZAMGARH,KURWAR,6127
208,AZAMGARH,LAMBHUA,6128
209,AZAMGARH,MAHARAJGANJ,6169
210,AZAMGARH,MAHILA THANA,6156
211,AZAMGARH,MEHNAGAR,6178
212,AZAMGARH,MEHNAJPUR,6179
213,AZAMGARH,MOTIGARPUR,6129
214,AZAMGARH,MUBARKPUR,5744
215,AZAMGARH,MUNSHIGANJ,6130
216,AZAMGARH,MUSAFIRKHANA,6131
217,AZAMGARH,NIZAMABAD,6180
218,AZAMGARH,PAWAI,6181
219,AZAMGARH,PHOOLPUR,5747
220,AZAMGARH,PIPERPUR,6132
221,AZAMGARH,RANI KI SARAI,5748
222,AZAMGARH,RAUNAPAR,6182
223,AZAMGARH,SANGRAMPUR,6133
224,AZAMGARH,SARAIMEER,5750
225,AZAMGARH,SIDHARI,5751
226,AZAMGARH,TAHABARPUR,6183
227,AZAMGARH,TARWA,6184
228,BUDAUN,ALAPUR,591
229,BUDAUN,BILSI,592
230,BUDAUN,BINAWAR,593
231,BUDAUN,BISAULI,594
232,BUDAUN,CIVIL LINES,595
233,BUDAUN,DATAGANJ,596
234,BUDAUN,DHANARI,597
235,BUDAUN,FAIZGANJ BEHATA,598
236,BUDAUN,GOVERNMENT RAILWAY POLICE STATTION,1487
237,BUDAUN,GRP,1486
238,BUDAUN,GUNNAUR,599
239,BUDAUN,HAZARATPUR,600
240,BUDAUN,ISLAM NAGAR,601
241,BUDAUN,KANWAR GAON,602
242,BUDAUN,KOTWALI,603
243,BUDAUN,MAHILA THANA,1488
244,BUDAUN,MOOSA JHAG,604
245,BUDAUN,MUJARIYA,605
246,BUDAUN,QADAR CHAUK,606
247,BUDAUN,RAJPURA,607
248,BUDAUN,SAHASWAN,608
249,BUDAUN,UGHETI,609
250,BUDAUN,UJHANI,610
251,BUDAUN,USAIT,611
252,BUDAUN,USAWAN,612
253,BUDAUN,WAZIRGANJ,613
254,BUDAUN,ZARIF NAGAR,614
255,BAGHPAT,BAGHPAT,616
256,BAGHPAT,BALAINI,617
257,BAGHPAT,BARAUT,618
258,BAGHPAT,BINAULI,619
259,BAGHPAT,CHANDI NAGAR,620
260,BAGHPAT,CHHAPRAULI,621
261,BAGHPAT,DOGHAT,622
262,BAGHPAT,G.R.P. BARAUT,6170
263,BAGHPAT,KHEKRA,623
264,BAGHPAT,MAHILA THANA BAGHPAT,6169
265,BAGHPAT,RAMALA,624
266,BAGHPAT,SINGHWALI AHIR,615
267,BAHRAICH,ANTI HUMAN TRAFFICKING UNIT,6171
268,BAHRAICH,BAUNDI,5754
269,BAHRAICH,BHINGA,5755
270,BAHRAICH,DARGAHSAREEF,5756
271,BAHRAICH,FAKARPUR,5757
272,BAHRAICH,GILAULA,5758
273,BAHRAICH,GRP BAHRAICH,6170
274,BAHRAICH,HARDI,5759
275,BAHRAICH,HUZOURPUR,5760
276,BAHRAICH,IKAUNA,5761
277,BAHRAICH,JARWAL ROAD,5762
278,BAHRAICH,KAISHERGANJ,5763
279,BAHRAICH,KHAIRIGHAT,5764
280,BAHRAICH,KOTWALI DEHAT,5765
281,BAHRAICH,KOTWALI NAGAR,5766
282,BAHRAICH,MAHILA THANA,6169
283,BAHRAICH,MALHIPUR,5767
284,BAHRAICH,MATERA,6172
285,BAHRAICH,MOTIPUR,5768
286,BAHRAICH,MURTHIHA,5769
287,BAHRAICH,NANPARA,5770
288,BAHRAICH,NAWABGANJ,5771
289,BAHRAICH,PYAGPUR,5772
290,BAHRAICH,RAMGAON,5773
291,BAHRAICH,RANIPUR,5774
292,BAHRAICH,RISIA,5775
293,BAHRAICH,RUPAI DIHA,5776
294,BAHRAICH,SIRSIA,5777
295,BAHRAICH,SONWA,5778
296,BAHRAICH,SUJAULI,5779
297,BAHRAICH,VISESAR GANJ,5780
298,BALLIA,ANTI POWER THEFT THANA BALLIA,6169
299,BALLIA,ANTI-HUMAN TRAFFICKING UNIT,6170
300,BALLIA,BAIRIA,5781
301,BALLIA,BANSDIH,5783
302,BALLIA,BANSDIH ROAD,5782
303,BALLIA,BHIMPURA,5784
304,BALLIA,BHINGA,6067
305,BALLIA,CHITWARA GOAN,5785
306,BALLIA,DOKATI,5786
307,BALLIA,DUBHAR,5787
308,BALLIA,GADWAR,5788
309,BALLIA,GILAULA,6068
310,BALLIA,GRP BALLIA,6172
311,BALLIA,HALDI,5789
312,BALLIA,IKAUNA,6069
313,BALLIA,KHEJURI,5790
314,BALLIA,KOTWALI,5791
315,BALLIA,MAHILA THANA,6171
316,BALLIA,MALHIPUR,6070
317,BALLIA,MANIAR,5792
318,BALLIA,NAGRA,5793
319,BALLIA,NARHI,5794
320,BALLIA,PAKARI,5795
321,BALLIA,PAYAGPUR,6071
322,BALLIA,PHEPHANA,5796
323,BALLIA,RASRA,5797
324,BALLIA,REOTI,5798
325,BALLIA,SAHATWAR,5799
326,BALLIA,SIKANDERPUR,5800
327,BALLIA,SIRSIA,6072
328,BALLIA,SONWA,6073
329,BALLIA,SUKHPURA,5801
330,BALLIA,UBHAON,5802
331,BALLIA,VISESARGANJ,6074
332,BALRAMPUR,BALRAMPUR DEHAT,5803
333,BALRAMPUR,BALRAMPUR NAGAR,5804
334,BALRAMPUR,GAISARI,5805
335,BALRAMPUR,GAURA CHAURAHA,5806
336,BALRAMPUR,HARRIYA,5807
337,BALRAMPUR,JARWA,5808
338,BALRAMPUR,LALIYA,5809
339,BALRAMPUR,MAHARAJGANJ TARAI,5810
340,BALRAMPUR,MAHILA THANA,6169
341,BALRAMPUR,PACHPEDWA,5811
342,BALRAMPUR,REHRA BAZAAR,5812
343,BALRAMPUR,SADULLA NAGAR,5813
344,BALRAMPUR,TULSIPUR,5814
345,BALRAMPUR,UTRAULA,5815
346,BANDA,ATARRA,625
347,BANDA,BABERU,626
348,BANDA,BADAUSA,627
349,BANDA,BAHIL PURWA,628
350,BANDA,BARGARH,629
351,BANDA,BISSENDA,630
352,BANDA,CHILLA,631
353,BANDA,FATEHGANJ,632
354,BANDA,GIRWAN,633
355,BANDA,GRP BANDA,6170
356,BANDA,JASPURA,634
357,BANDA,KALINJAR,635
358,BANDA,KAMASIN,636
359,BANDA,KARWI,637
360,BANDA,KOTWALI DEHAT,638
361,BANDA,KOTWALI NAGAR,639
362,BANDA,MAHILA THANA,6169
363,BANDA,MANIKPUR,640
364,BANDA,MARKA,641
365,BANDA,MARKUNDI,642
366,BANDA,MATAUNDH,643
367,BANDA,MAU,644
368,BANDA,NARAINI,645
369,BANDA,PAHARI,646
370,BANDA,PAILANI,647
371,BANDA,RAIPURA,648
372,BANDA,RAJAPURA,649
373,BANDA,TINDWARI,650
374,BAREILLY,MEERGANJ,693
375,BAREILLY,FATEHGANJ EAST,688
376,BAREILLY,FATEHGANJ WEST,689
377,BAREILLY,BHAMORA,680
378,BAREILLY,DEORANIA,686
379,BAREILLY,FARIDPUR,687
380,BAREILLY,BARADARI,679
381,BAREILLY,QUOLARIA,697
382,BAREILLY,HAFIZGANJ,690
383,BAREILLY,NAWABGANJ,694
384,BAREILLY,PREM NAGAR,695
385,BAREILLY,BHOJIPURA,681
386,BAREILLY,SHERGARH,700
387,BAREILLY,SIRAULI,701
388,BAREILLY,SHEESHGARH,699
389,BAREILLY,QILLA,696
390,BAREILLY,VISHRAT GANJ,703
391,BAREILLY,ALIGANJ,676
392,BAREILLY,BHUTA,682
393,BAREILLY,AONLA,677
394,BAREILLY,SUBHASH NAGAR,702
395,BAREILLY,COLLECTOR BUKGANJ,685
396,BAREILLY,CANTT,684
397,BAREILLY,SHAHI,698
398,BAREILLY,BITHARICHAINPUR,683
399,BAREILLY,KOTWALI,692
400,BAREILLY,IZAT NAGAR,691
401,BAREILLY,BAHERI,678
402,BARABANKI,ANTI POWER THEFT THANA BARABANKI,1489
403,BARABANKI,ANTI-HUMAN TRAFFICKING UNIT,1488
404,BARABANKI,ASANDRA,651
405,BARABANKI,BADDUPUR,652
406,BARABANKI,BADOSARAI,653
407,BARABANKI,DARIYABAD,654
408,BARABANKI,DEWA,655
409,BARABANKI,FATEHPUR,656
410,BARABANKI,GHUNGHTER,657
411,BARABANKI,GRP BARABANKI,1487
412,BARABANKI,HAIDER GARH,658
413,BARABANKI,JAIDPUR,659
414,BARABANKI,JHANGIRABAD,660
415,BARABANKI,KOTHI,661
416,BARABANKI,KOTWALI,662
417,BARABANKI,KURSI,663
418,BARABANKI,LONIKATRA,664
419,BARABANKI,MAHILA THANA BARABANKI,1486
420,BARABANKI,MASAULI,665
421,BARABANKI,MAWAI,666
422,BARABANKI,MOHAMMADPUR KHALA,667
423,BARABANKI,PATRANGA,668
424,BARABANKI,RAM SANEHIGHAT,669
425,BARABANKI,RAMNAGAR,670
426,BARABANKI,RUDAULI,671
427,BARABANKI,SAFDARGANJ,672
428,BARABANKI,SATRIKH,673
429,BARABANKI,SUBEHA,674
430,BARABANKI,TIKAIT NAGAR,675
431,BASTI,BELGHAT,5942
432,BASTI,BELIPAR,5943
433,BASTI,BISAULI,594
434,BASTI,CHHAPIA,5912
435,BASTI,CHHAWANI,5817
436,BASTI,COLONELGANJ,5913
437,BASTI,CYBER CRIME P.S. BASTI,6171
438,BASTI,DHANEPUR,5914
439,BASTI,DUBAULIA,5818
440,BASTI,GAISRI,5915
441,BASTI,GAUR,5955
442,BASTI,GAURA CHORAHA,5916
443,BASTI,GOLA,1110
444,BASTI,GORAKHNATH,5950
445,BASTI,GRP BASTI,6170
446,BASTI,GULRIHA,5951
447,BASTI,HARRAIYA,5917
448,BASTI,HARRAIYA,5949
449,BASTI,HARRIYA,5807
450,BASTI,ITIATHOK,5918
451,BASTI,JARWA,5919
452,BASTI,KALWARI,5823
453,BASTI,KAPTAN GANJ,5947
454,BASTI,KATRA BAZAR,5920
455,BASTI,KAURIA,5921
456,BASTI,KHAJNI,5954
457,BASTI,KHARAGUPUR,5922
458,BASTI,KHODARE,5923
459,BASTI,KOTWALI,5940
460,BASTI,KOTWALI,5925
461,BASTI,KOTWALI DEHAT,5924
462,BASTI,LALGANJ,5910
463,BASTI,LALIA,5926
464,BASTI,MAHARAJ GANJ,5927
465,BASTI,MAHILA THANA,5911
466,BASTI,MANKAPUR,5928
467,BASTI,MOTI GANJ,5929
468,BASTI,MUNDERWA,5830
469,BASTI,NAGAR,5831
470,BASTI,NAWABGANJ,5930
471,BASTI,PAIKAULIA,5832
472,BASTI,PANCHPERWA,5931
473,BASTI,PARASPUR,5932
474,BASTI,PARASRAMPUR,5833
475,BASTI,PIPRAICH,5958
476,BASTI,PURANI BASTI,5941
477,BASTI,REHRA BAZAR,5933
478,BASTI,RUDHAULI,5835
479,BASTI,SADULLA NAGAR,5934
480,BASTI,SONAHA,5946
481,BASTI,TARABAGNJ,5935
482,BASTI,TULSIPUR,5936
483,BASTI,UMRI BEGAMGANJ,5937
484,BASTI,UTRAULA,5938
485,BASTI,WALTER GANJ,5837
486,BASTI,WAZIRGANJ,5939
487,BHADOHI,ALIGARHWA,6075
488,BHADOHI,ANTI POWER THEFT THANA BHADOHI,6169
489,BHADOHI,AURAI,6058
490,BHADOHI,BANSI,6076
491,BHADOHI,BHADOHI,6059
492,BHADOHI,CHAURI,6060
493,BHADOHI,DURGA GANJ,6061
494,BHADOHI,GOLHAURA,6082
495,BHADOHI,GOPIGANJ,6062
496,BHADOHI,KOIRAUNA,6064
497,BHADOHI,KOIRAUNA,6152
498,BHADOHI,KOTWALI GYANPUR,6063
499,BHADOHI,MAHILA THANA BHADOHI,6170
500,BHADOHI,OONJ,6065
501,BHADOHI,SURIAYAWN,6066
502,BIJNOR,AFZALGARH,704
503,BIJNOR,BARHAPUR,705
504,BIJNOR,CHANDPUR,706
505,BIJNOR,DHAMPUR,707
506,BIJNOR,GRP BIJNOR,1487
507,BIJNOR,HALDAUR,708
508,BIJNOR,HEEMPUR,709
509,BIJNOR,KALAGHRH,710
510,BIJNOR,KIRATPUR,711
511,BIJNOR,KOTWALI CITY,712
512,BIJNOR,KOTWALI DEHAT,713
513,BIJNOR,MAHILA THANA,1486
514,BIJNOR,MANDAWALI,714
515,BIJNOR,MANDAWAR,715
516,BIJNOR,NAGAL,716
517,BIJNOR,NAGINA,717
518,BIJNOR,NAGINA DEHAT,718
519,BIJNOR,NAJIBABAD,719
520,BIJNOR,NEHTAUR,720
521,BIJNOR,NOORPUR,721
522,BIJNOR,REHAR,722
523,BIJNOR,SEOHARA,723
524,BIJNOR,SHERKOT,724
525,BIJNOR,SHIWALA KALAN,725
526,BULANDSHAHAR,AGOTA,726
527,BULANDSHAHAR,AHAR,727
528,BULANDSHAHAR,AHMAD GARH,728
529,BULANDSHAHAR,ANOOP SHAHAR,729
530,BULANDSHAHAR,ARNIA,730
531,BULANDSHAHAR,AURANGABAD,731
532,BULANDSHAHAR,BHAWAN BAHADUR NAGAR,732
533,BULANDSHAHAR,CHHATTRI,733
534,BULANDSHAHAR,DEBAI,735
535,BULANDSHAHAR,GULAOTHI,736
536,BULANDSHAHAR,JAHANGIR PUR,737
537,BULANDSHAHAR,JAHANGIRABAD,738
538,BULANDSHAHAR,JEWAR,739
539,BULANDSHAHAR,KAKORE,740
540,BULANDSHAHAR,KASNA,741
541,BULANDSHAHAR,KHANPUR,742
542,BULANDSHAHAR,KHURJA DEHAT,743
543,BULANDSHAHAR,KHURJA NAGAR,744
544,BULANDSHAHAR,KOTWALI,745
545,BULANDSHAHAR,KOTWALI DEHAT,746
546,BULANDSHAHAR,MAHILA THANA BULANDSHAHAR,734
547,BULANDSHAHAR,NARORA,747
548,BULANDSHAHAR,NARSENA,748
549,BULANDSHAHAR,PAHASU,749
550,BULANDSHAHAR,RABU PURA,750
551,BULANDSHAHAR,RAMGHAT,751
552,BULANDSHAHAR,SALEMPUR,752
553,BULANDSHAHAR,SHIKARPUR,753
554,BULANDSHAHAR,SIANA,754
555,BULANDSHAHAR,SIKANDRABAD,755
556,CHANDAULI,ALI NAGAR,6135
557,CHANDAULI,BABURI,6136
558,CHANDAULI,BAKHIMA,5816
559,CHANDAULI,BALUA,6137
560,CHANDAULI,CHAKIA,6141
561,CHANDAULI,CHANDAULI,6142
562,CHANDAULI,CHHAWANI,5817
563,CHANDAULI,DHANAPUR,5843
564,CHANDAULI,DHEENA,6149
565,CHANDAULI,DUBAULIA,5818
566,CHANDAULI,DUDHARA,5819
567,CHANDAULI,GAUR,5820
568,CHANDAULI,GHANGHATA,5821
569,CHANDAULI,HARRAIYA,5822
570,CHANDAULI,ILLIYA,6169
571,CHANDAULI,KALWARI,5823
572,CHANDAULI,KANDWA,6170
573,CHANDAULI,KAPTANGANJ,5824
574,CHANDAULI,KHALILABAD,5825
575,CHANDAULI,KOTWALI,5826
576,CHANDAULI,LAL GANJ,5827
577,CHANDAULI,MAHILA THANA ALINAGAR,24
578,CHANDAULI,MAHULI,5828
579,CHANDAULI,MEHDAWAL,5829
580,CHANDAULI,MUGHAL SARAI,5845
581,CHANDAULI,MUNDERWA,5830
582,CHANDAULI,NAGAR,5831
583,CHANDAULI,NAUGARH,6159
584,CHANDAULI,PAIKAULIA,5832
585,CHANDAULI,PARASRAMPUR,5833
586,CHANDAULI,PURANI BASTI,5834
587,CHANDAULI,RUDHAULI,5835
588,CHANDAULI,SAHEB GANJ,6163
589,CHANDAULI,SAKALDIHA,6164
590,CHANDAULI,SONHA,5836
591,CHANDAULI,SYEDRAJA,6168
592,CHANDAULI,WALTER GANJ,5837
593,CHITRAKOOT,ANTI POWER THEFT THANA CHITRAKOOT,6173
594,CHITRAKOOT,BAHILPURWA,756
595,CHITRAKOOT,BARGARH,757
596,CHITRAKOOT,BHARATKOOP,6172
597,CHITRAKOOT,G.R.P. KARWI,6169
598,CHITRAKOOT,G.R.P. MANIKPUR,6170
599,CHITRAKOOT,KARVI,758
600,CHITRAKOOT,MAHILA THANA,6171
601,CHITRAKOOT,MANIKPUR,759
602,CHITRAKOOT,MARKUNDI,760
603,CHITRAKOOT,MAU,761
604,CHITRAKOOT,PAHARI,762
605,CHITRAKOOT,RAIPURA,763
606,CHITRAKOOT,RAJAPUR,764
607,DEORIA,A.R.T.O. CHALLANI,40
608,DEORIA,AHIRAULI BAZAR,34
609,DEORIA,BAGHAUCHGHAT,6
610,DEORIA,BANKATA,17
611,DEORIA,BARHAJ,10
612,DEORIA,BARWA PATTI,35
613,DEORIA,BHALUANI,12
614,DEORIA,BHATNI,5
615,DEORIA,BHATPARRANI,8
616,DEORIA,EKAUNA,14
617,DEORIA,G. R. P. BHATNI,19
618,DEORIA,G. R. P. DEORIA,20
619,DEORIA,GAURI BAZAR,4
620,DEORIA,HANUMAN GANJ,33
621,DEORIA,HATA,28
622,DEORIA,JATHA BAZAR,36
623,DEORIA,KAPTANGUNJ,30
624,DEORIA,KASIA,23
625,DEORIA,KHADDA,21
626,DEORIA,KHAMPAR,13
627,DEORIA,KHUKHUNDU,7
628,DEORIA,KOTWALI DEORIA,1
629,DEORIA,KOTWALI RUDRAPUR,3
630,DEORIA,KOTWALI SALEMPUR,2
631,DEORIA,KUBERSTHAN,37
632,DEORIA,LAR,16
633,DEORIA,MADANPUR,11
634,DEORIA,MAHILA THANA,39
635,DEORIA,MAIL,15
636,DEORIA,NABUA NAURANGIYA,22
637,DEORIA,PADRAUNA,24
638,DEORIA,PATHERWA,31
639,DEORIA,RAMKOLA,27
640,DEORIA,RAMPUR KARKHANA,9
641,DEORIA,SEWRAHI,32
642,DEORIA,TAMKUHI RAJ,25
643,DEORIA,TARKULWA,18
644,DEORIA,TARYASUJAN,29
645,DEORIA,TURKPATTI,26
646,DEORIA,VISHUNPURA,38
647,ETAH,ALIGANJ,765
648,ETAH,ANTI POWER THEFT THANA ETAH,6170
649,ETAH,AWAGARH,767
650,ETAH,BAGWALA,768
651,ETAH,GRP ETAH,6171
652,ETAH,JAITHRA,771
653,ETAH,JALESAR,772
654,ETAH,JASRATHPUR,773
655,ETAH,KOTWALI DEHAT,777
656,ETAH,KOTWALI NAGAR,776
657,ETAH,MAHILA THANA,6169
658,ETAH,MALAWAN,778
659,ETAH,MARHARA,779
660,ETAH,MIRHACHI,780
661,ETAH,NAYAGAON,781
662,ETAH,NIDHOLI KALAN,782
663,ETAH,PILUA,784
664,ETAH,RAJA KA RAMPUR,785
665,ETAH,RIJOR,786
666,ETAH,SAKEET,788
667,ETAH,SAKRAULI,789
668,ETAWAH,ACHHALDA,793
669,ETAWAH,AIRWAKATRA,794
670,ETAWAH,AJITMAL,795
671,ETAWAH,ANTI POWER THEFT THANA ETAWAH,1488
672,ETAWAH,AURAIYA,796
673,ETAWAH,AYANA,797
674,ETAWAH,BAKEWAR,798
675,ETAWAH,BALRAI,799
676,ETAWAH,BARHPURA,800
677,ETAWAH,BASREHAR,801
678,ETAWAH,BELA,802
679,ETAWAH,BHAREH,803
680,ETAWAH,BHARTHANA,804
681,ETAWAH,BIDHUNA,805
682,ETAWAH,BITHAULI,806
683,ETAWAH,CHAKRA NAGAR,807
684,ETAWAH,CHAUBIA,808
685,ETAWAH,CIVIL LINES,809
686,ETAWAH,DIBIAPUR,810
687,ETAWAH,EKDIL,811
688,ETAWAH,FRIENDS COLONY,1486
689,ETAWAH,GRP ETAWAH,1487
690,ETAWAH,JASWANT NAGAR,812
691,ETAWAH,KOTWALI,813
692,ETAWAH,LAVEDI,814
693,ETAWAH,PACHHAY GAON,815
694,ETAWAH,PHAPHUND,816
695,ETAWAH,SAHAIL,817
696,ETAWAH,SAHSON,818
697,ETAWAH,SAIPHAI,819
698,ETAWAH,USRAHAR,820
699,ETAWAH,VEDPURA,821
700,FAIZABAD,AKBARPUR,822
701,FAIZABAD,ALAPUR,823
702,FAIZABAD,AYODHYA,824
703,FAIZABAD,BASKHARI,825
704,FAIZABAD,BEWANA,826
705,FAIZABAD,BHITI,827
706,FAIZABAD,BIKAPUR,828
707,FAIZABAD,CANTT,829
708,FAIZABAD,GOSAINGANJ,830
709,FAIZABAD,HAIDERGANJ,831
710,FAIZABAD,HANSWAR,832
711,FAIZABAD,IBRAHIMPUR,833
712,FAIZABAD,INAYAT NAGAR,834
713,FAIZABAD,JAHANGIRGANJ,835
714,FAIZABAD,JAITPUR,836
715,FAIZABAD,JALALPUR,837
716,FAIZABAD,KHANDASA,838
717,FAIZABAD,KOTWALI NAGAR,839
718,FAIZABAD,KUMAR GANJ,840
719,FAIZABAD,MAHILA THANA,841
720,FAIZABAD,MAHRAJ GANJ,842
721,FAIZABAD,MALIPUR,843
722,FAIZABAD,MAWAI,844
723,FAIZABAD,PATRANGA,845
724,FAIZABAD,PURAKALANDAR,846
725,FAIZABAD,RAJE SULTANPUR,847
726,FAIZABAD,RAMJANAM BHUMI,848
727,FAIZABAD,RONAHI,849
728,FAIZABAD,RUDAULI,850
729,FAIZABAD,SAMANPUR,851
730,FAIZABAD,TANDA,852
731,FAIZABAD,TARUN,853
732,FARRUKHABAD,AMRITPUR,7
733,FARRUKHABAD,CHHIBRAMAUPUR,23
734,FARRUKHABAD,DISTT. AURIYA,33
735,FARRUKHABAD,DISTT. ETAWAH,31
736,FARRUKHABAD,DISTT. MAINPURI,32
737,FARRUKHABAD,FARRUKHABAD,1
738,FARRUKHABAD,FATEHGARH,2
739,FARRUKHABAD,G.R.P. FARRUKHABAD,26
740,FARRUKHABAD,G.R.P. FATEHGARH,27
741,FARRUKHABAD,G.R.P. KAIMGANJ,30
742,FARRUKHABAD,G.R.P. KASGANJ,29
743,FARRUKHABAD,G.R.P. MATHURA,28
744,FARRUKHABAD,GURSAHAYAGANJ,15
745,FARRUKHABAD,INDARGARH,16
746,FARRUKHABAD,JAHANGANJ,12
747,FARRUKHABAD,KALAN,22
748,FARRUKHABAD,KAMALGANJ,3
749,FARRUKHABAD,KAMPIL,5
750,FARRUKHABAD,KANNAUJ,14
751,FARRUKHABAD,KAYAMGANJ,4
752,FARRUKHABAD,MAHILA THANA FATEHGARH,34
753,FARRUKHABAD,MAUDARWAJA,10
754,FARRUKHABAD,MERAPUR,11
755,FARRUKHABAD,MIRZAPUR,21
756,FARRUKHABAD,MOHOMDABAD,8
757,FARRUKHABAD,NAWABGANJ,9
758,FARRUKHABAD,PARAUR,20
759,FARRUKHABAD,R. P. F. KANNAUJ,40
760,FARRUKHABAD,R. P. F. KASGANJ,38
761,FARRUKHABAD,R. P. F. MATHURA,39
762,FARRUKHABAD,R.P.F. FARRUKHABAD,37
763,FARRUKHABAD,R.P.F. FATEHGARH,36
764,FARRUKHABAD,RAJEPUR,6
765,FARRUKHABAD,SAURIKH,25
766,FARRUKHABAD,SHAMSHABAD,13
767,FARRUKHABAD,SIKANDARPUR ETAH,35
768,FARRUKHABAD,TALGARM,24
769,FARRUKHABAD,THATHIYA,17
770,FARRUKHABAD,TIRWA,18
771,FARRUKHABAD,VISHUNGARH,19
772,FATEHPUR,A.R.T.O.,22
773,FATEHPUR,ANTI POWER THEFT THANA,1487
774,FATEHPUR,ASOTHER,1
775,FATEHPUR,AUNG,2
776,FATEHPUR,BAKEWAR,3
777,FATEHPUR,BINDKI,4
778,FATEHPUR,CHANDPUR,5
779,FATEHPUR,DHATA,6
780,FATEHPUR,G.R.P.,8
781,FATEHPUR,GAZIPUR,7
782,FATEHPUR,HATHGAM,9
783,FATEHPUR,HUSAINGANJ,10
784,FATEHPUR,JAFARGANJ,11
785,FATEHPUR,JAHANABAD,12
786,FATEHPUR,KALYANPUR,13
787,FATEHPUR,KHAGA,14
788,FATEHPUR,KHAKHARERU,15
789,FATEHPUR,KISHANPUR,16
790,FATEHPUR,KOTWALI SADAR,17
791,FATEHPUR,LALAULI,18
792,FATEHPUR,MALWAN,19
793,FATEHPUR,SULTANPUR GHOSH,20
794,FATEHPUR,THAIRYION,21
795,FATEHPUR,WOMEN POLICE STATION,1486
796,FIROZABAD,ANTI POWER THEFT THANA FIROZABAD,6172
797,FIROZABAD,ANTI-HUMAN TRAFFICKING UNIT,6173
798,FIROZABAD,BASAI MOHAMMADPUR,854
799,FIROZABAD,EKA,855
800,FIROZABAD,FARIHA,868
801,FIROZABAD,FIROZABAD GRP,6170
802,FIROZABAD,FIROZABAD NORTH,856
803,FIROZABAD,FIROZABAD SOUTH,857
804,FIROZABAD,JASRANA,858
805,FIROZABAD,KHAIRGARH,859
806,FIROZABAD,LINEPAR,860
807,FIROZABAD,MAHILA,6169
808,FIROZABAD,MAKKHANPUR,861
809,FIROZABAD,MATSENA,862
810,FIROZABAD,NAGALA KHANGAR,863
811,FIROZABAD,NAGALA SINGHI,864
812,FIROZABAD,NARKHI,865
813,FIROZABAD,NASIR PUR,866
814,FIROZABAD,PACHOKHARA,867
815,FIROZABAD,RAMGARH,869
816,FIROZABAD,RASOOLPUR,870
817,FIROZABAD,SHIKOHABAD,871
818,FIROZABAD,SIRSAGANJ,872
819,FIROZABAD,TUNDLA,873
820,FIROZABAD,TUNDLA GRP,6171
821,GAUTAM BUDDHA NAGAR,A.R.T.O.,1490
822,GAUTAM BUDDHA NAGAR,BADALPUR,1493
823,GAUTAM BUDDHA NAGAR,BISRAK,1492
824,GAUTAM BUDDHA NAGAR,BISRIKH,874
825,GAUTAM BUDDHA NAGAR,CYBER CRIME,1496
826,GAUTAM BUDDHA NAGAR,DADRI,875
827,GAUTAM BUDDHA NAGAR,DANKAUR,876
828,GAUTAM BUDDHA NAGAR,ECOTECH-1,1494
829,GAUTAM BUDDHA NAGAR,ECOTECH-III,1488
830,GAUTAM BUDDHA NAGAR,EXPRESSWAY,1487
831,GAUTAM BUDDHA NAGAR,GREATER NOIDA/ SITE V,1491
832,GAUTAM BUDDHA NAGAR,JAHANGIRPUR,877
833,GAUTAM BUDDHA NAGAR,JARCHA,878
834,GAUTAM BUDDHA NAGAR,JEWAR,879
835,GAUTAM BUDDHA NAGAR,KAKORE,880
836,GAUTAM BUDDHA NAGAR,KASNA,881
837,GAUTAM BUDDHA NAGAR,KASNA/BETA II,741
838,GAUTAM BUDDHA NAGAR,KNOWLEDGE PARK,1486
839,GAUTAM BUDDHA NAGAR,MAHILA THANA,1489
840,GAUTAM BUDDHA NAGAR,NOIDA SECTOR-20,882
841,GAUTAM BUDDHA NAGAR,NOIDA SECTOR-24,883
842,GAUTAM BUDDHA NAGAR,NOIDA SECTOR-39,884
843,GAUTAM BUDDHA NAGAR,NOIDA SECTOR-49,885
844,GAUTAM BUDDHA NAGAR,NOIDA SECTOR-58,886
845,GAUTAM BUDDHA NAGAR,PHASE-II,887
846,GAUTAM BUDDHA NAGAR,PHASE-III,149
847,GAUTAM BUDDHA NAGAR,RABUPURA,888
848,GAUTAM BUDDHA NAGAR,SURAJPUR,889
849,GAUTAM BUDDHA NAGAR,TRAFFIC POLICE NOIDA,1495
850,GHAZIABAD,BABUGARH,890
851,GHAZIABAD,BAHADUR GARAH,891
852,GHAZIABAD,BHOJPUR,892
853,GHAZIABAD,BISRIKH,893
854,GHAZIABAD,DADRI,894
855,GHAZIABAD,DHAULANA,895
856,GHAZIABAD,GARH MUKTESHWAR,896
857,GHAZIABAD,GHAZIABAD KOTWALI,897
858,GHAZIABAD,GRP,1491
859,GHAZIABAD,HAFIZPUR,898
860,GHAZIABAD,HAPUD,899
861,GHAZIABAD,HAPUR,900
862,GHAZIABAD,INDRAPURAM,901
863,GHAZIABAD,JARCHA,902
864,GHAZIABAD,KAUSHAMBI,1492
865,GHAZIABAD,KAVI NAGAR,903
866,GHAZIABAD,KHODA,1486
867,GHAZIABAD,LINK ROAD,904
868,GHAZIABAD,LONI,905
869,GHAZIABAD,LONI BORDER,1487
870,GHAZIABAD,MADHUBAN BAPUDHAM,1494
871,GHAZIABAD,MASSORIE,906
872,GHAZIABAD,MODI NAGAR,907
873,GHAZIABAD,MURAD NAGAR,908
874,GHAZIABAD,NANDGRAM,1495
875,GHAZIABAD,NIWARI,909
876,GHAZIABAD,NOIDA PHASE II,910
877,GHAZIABAD,NOIDA SECTOR 20,911
878,GHAZIABAD,NOIDA SECTOR 24,912
879,GHAZIABAD,NOIDA SECTOR 39,913
880,GHAZIABAD,NOIDA SECTOR 49,914
881,GHAZIABAD,NOIDA SECTOR 58,915
882,GHAZIABAD,PILAKHUWA,916
883,GHAZIABAD,PS CBI,1489
884,GHAZIABAD,SAHIBABAD,917
885,GHAZIABAD,SIHANI GATE,918
886,GHAZIABAD,SIMBHAWALI,919
887,GHAZIABAD,SURAJGARH,920
888,GHAZIABAD,TEELAMOD,1493
889,GHAZIABAD,THANA MAHILA GZB,1490
890,GHAZIABAD,TRONICA CITY,1488
891,GHAZIABAD,VIJAY NAGAR,921
892,GHAZIPUR,ANTIPOWERTHEFTTHANA GHAZIPUR,6173
893,GHAZIPUR,BAHARIYABAD,6025
894,GHAZIPUR,BARESAR,5888
895,GHAZIPUR,BHAWARKOL,5889
896,GHAZIPUR,BHUDKURA,6022
897,GHAZIPUR,BIRNO,5891
898,GHAZIPUR,DILDARNAGAR,6010
899,GHAZIPUR,DULAHPUR,6016
900,GHAZIPUR,DULLAHPUR,6014
901,GHAZIPUR,GAHMAR,6013
902,GHAZIPUR,GRP GHAZIPUR,6172
903,GHAZIPUR,JUNGIPUR,6015
904,GHAZIPUR,KARANDA,6023
905,GHAZIPUR,KARIMUDDINPUR,6026
906,GHAZIPUR,KASIMABAD,6170
907,GHAZIPUR,KHANPUR,6169
908,GHAZIPUR,KOTWALI,6011
909,GHAZIPUR,MAHILA THANA GHAZIPUR,473
910,GHAZIPUR,MARDAH,5900
911,GHAZIPUR,MUHAMADABAD,6019
912,GHAZIPUR,NAGSAR HALT,6171
913,GHAZIPUR,NANDGANJ,6018
914,GHAZIPUR,NONAHARA,5903
915,GHAZIPUR,REOTIPUR,6017
916,GHAZIPUR,SADAT,6021
917,GHAZIPUR,SAIDPUR,6012
918,GHAZIPUR,SHADIYABAD,6020
919,GHAZIPUR,SONAULI,6024
920,GHAZIPUR,SUHAWAL,5908
921,GHAZIPUR,ZAMANIA,6009
922,GONDA,BANSGAON,5940
923,GONDA,BARHALGANJ,5941
924,GONDA,BELGHAT,5942
925,GONDA,CANTT,5945
926,GONDA,CHHAPIA,5951
927,GONDA,COLONELGANJ,5952
928,GONDA,DHANEPUR,5950
929,GONDA,GRP,5959
930,GONDA,INTIYATHOK,5946
931,GONDA,KATRA BAZAR,5953
932,GONDA,KAURIA,5954
933,GONDA,KHARGUPUR,5949
934,GONDA,KHODAREY,5964
935,GONDA,KOTWALI DEHAT,5944
936,GONDA,KOTWALI NAGAR,5943
937,GONDA,MAHILA THANA,5962
938,GONDA,MANKAPUR,5948
939,GONDA,MOTIGANJ,5947
940,GONDA,NAWABGANJ,5958
941,GONDA,PARASPUR,5955
942,GONDA,RPF,5960
943,GONDA,SHAHPUR,5961
944,GONDA,TARABGANJ,5956
945,GONDA,UMARI BEGAMGANJ,5963
946,GONDA,WAZIRGANJ,5957
947,GORAKHPUR,AIIMS,1489
948,GORAKHPUR,ANTI POWER THEFT THANA GORAKHPUR,1490
949,GORAKHPUR,ANTI-HUMAN TRAFFICKING,1488
950,GORAKHPUR,BADAHALGANJ,10
951,GORAKHPUR,BANSGOAN,15
952,GORAKHPUR,BARGADAWA (MAHARAJGANJ),29
953,GORAKHPUR,BELGHAT,19
954,GORAKHPUR,BELIPAR,9
955,GORAKHPUR,CAMPIERGANJ,20
956,GORAKHPUR,CANTT,1
957,GORAKHPUR,CHAURICHAURA,17
958,GORAKHPUR,CHILUWATAL,8
959,GORAKHPUR,CYBER CRIME P.S. GORAKHPUR,1491
960,GORAKHPUR,DUMARIYAGANJ(SIDDHARTHNAGAR),33
961,GORAKHPUR,FARENDA (MAHARAJGANJ),31
962,GORAKHPUR,G.R.P. GORAKHPUR,14
963,GORAKHPUR,GAGAHA,11
964,GORAKHPUR,GHUGHULI (MAHARAJGANJ),30
965,GORAKHPUR,GIDA,1486
966,GORAKHPUR,GOLA,21
967,GORAKHPUR,GORAKHNATH,2
968,GORAKHPUR,GRP ANAND NAGAR,36
969,GORAKHPUR,GRP BASTI,38
970,GORAKHPUR,GULHARIA,7
971,GORAKHPUR,HARPUR BUDHAT,22
972,GORAKHPUR,JHAGAHAN,28
973,GORAKHPUR,KAUDIRAM,23
974,GORAKHPUR,KHAJANI,16
975,GORAKHPUR,KHORABAR,18
976,GORAKHPUR,KOTWALI,3
977,GORAKHPUR,MAHILA THANA,13
978,GORAKHPUR,NAUTANAWA (MAHARAJGANJ),32
979,GORAKHPUR,PIPIGANJ,24
980,GORAKHPUR,PIPRAICH,25
981,GORAKHPUR,R.P.F POST WORKSHOP,37
982,GORAKHPUR,R.P.F. POST CHHAWANI,35
983,GORAKHPUR,RAJGHAT,5
984,GORAKHPUR,RAMGARH TAAL,1487
985,GORAKHPUR,SAHJANAWA,12
986,GORAKHPUR,SHAHPUR,6
987,GORAKHPUR,SIKARIGANJ,26
988,GORAKHPUR,TIWARIPUR,4
989,GORAKHPUR,URUWA,27
990,HAMIRPUR,BINWAR,922
991,HAMIRPUR,CHIKASI,923
992,HAMIRPUR,JALALPUR,924
993,HAMIRPUR,JARIA,925
994,HAMIRPUR,KHANNA,926
995,HAMIRPUR,KOTWALI NAGAR,927
996,HAMIRPUR,KURARA,928
997,HAMIRPUR,LALPURA,929
998,HAMIRPUR,MAHILA THANA,6169
999,HAMIRPUR,MAJHGAWAN,930
1000,HAMIRPUR,MAUDAHA,931
1001,HAMIRPUR,MUSKARA,932
1002,HAMIRPUR,RATH,933
1003,HAMIRPUR,SISOLAR,934
1004,HAMIRPUR,SUMERPUR,935
1005,HAPUR,ANTI POWER THEFT THANA HAPUR,6170
1006,HAPUR,BABUGARH,890
1007,HAPUR,BAHADUR GARAH,891
1008,HAPUR,DHAULANA,895
1009,HAPUR,GARH MUKTESHWAR,896
1010,HAPUR,HAFIZPUR,898
1011,HAPUR,HAPUR DEHAT,899
1012,HAPUR,HAPUR KOTWALI,900
1013,HAPUR,MAHILA THANA HAPUR,6169
1014,HAPUR,PILAKHUWA,916
1015,HAPUR,SIMBHAWALI,919
1016,HARDOI,ANTI HUMAN TRACKING UNIT,1488
1017,HARDOI,ARBAL,936
1018,HARDOI,ATRAULI,937
1019,HARDOI,BAGHAULI,938
1020,HARDOI,BEHTA GOKUL,939
1021,HARDOI,BENIGANJ,940
1022,HARDOI,BILGRAM,941
1023,HARDOI,GRP HARDOI,1487
1024,HARDOI,HARIYAWAN,942
1025,HARDOI,HARPALPUR,943
1026,HARDOI,KACHHAUNA,944
1027,HARDOI,KOTWALI CITY,945
1028,HARDOI,KOTWALI DEHAT,946
1029,HARDOI,LONAR,947
1030,HARDOI,MADHOGANJ,948
1031,HARDOI,MAHILA THANA,1486
1032,HARDOI,MALLAWAN,949
1033,HARDOI,MANJHILA,950
1034,HARDOI,PALI,951
1035,HARDOI,PANCHDEORA,952
1036,HARDOI,PIHANI,953
1037,HARDOI,QASIMPUR,954
1038,HARDOI,SANDI,955
1039,HARDOI,SANDILA,956
1040,HARDOI,SHAHBAD,957
1041,HARDOI,SURSA,958
1042,HARDOI,TANDIAWAN,959
1043,HATHRAS,ANTI POWER THEFT THANA HATHRAS,1486
1044,HATHRAS,CHANDPA,960
1045,HATHRAS,GRP HATHRAS CITY,1487
1046,HATHRAS,HASSAIN,961
1047,HATHRAS,HATHRAS,962
1048,HATHRAS,HATHRAS GATE,963
1049,HATHRAS,HATHRAS JUNCTION,964
1050,HATHRAS,IGLAS,965
1051,HATHRAS,MAHILA THANA,1488
1052,HATHRAS,MURSAN,966
1053,HATHRAS,SADABAD,967
1054,HATHRAS,SAHPAU,968
1055,HATHRAS,SASNI,969
1056,HATHRAS,SIKANDRA RAO,970
1057,JALAUN,AIT,971
1058,JALAUN,ATA,972
1059,JALAUN,CHURKHI,973
1060,JALAUN,DAKAUR,974
1061,JALAUN,GOHAN,975
1062,JALAUN,JALAUN,976
1063,JALAUN,KADAURA,977
1064,JALAUN,KAILIA,978
1065,JALAUN,KALPI,979
1066,JALAUN,KONCH,980
1067,JALAUN,KOTAR,981
1068,JALAUN,KOTWALI ORAI,982
1069,JALAUN,KUTHAUND,983
1070,JALAUN,MADHOGARH,984
1071,JALAUN,NADIGAON,985
1072,JALAUN,RAMPURA,986
1073,JALAUN,RENDHAR,987
1074,JALAUN,SIRSA KALAR,988
1075,JAUNPUR,BAGHICHGHAT,5850
1076,JAUNPUR,BANKATA,5851
1077,JAUNPUR,BARHAJ,5852
1078,JAUNPUR,BHALUANI,5853
1079,JAUNPUR,BHATNI,5854
1080,JAUNPUR,BHATPAR RANI,5855
1081,JAUNPUR,GAURI BAZAR,5856
1082,JAUNPUR,IKAUNA,5857
1083,JAUNPUR,KHAMPAR,5858
1084,JAUNPUR,KHUKHUNDU,5859
1085,JAUNPUR,KOTWALI,5860
1086,JAUNPUR,LAR,5861
1087,JAUNPUR,MADAN PUR,5862
1088,JAUNPUR,MAIL,5863
1089,JAUNPUR,RAMPUR KAR KHANA,5864
1090,JAUNPUR,RUDRAPUR,5865
1091,JAUNPUR,SALEMPUR,5866
1092,JAUNPUR,G.R.P. JAUNPUR,5867
1093,JAUNPUR,BADLAPUR,5965
1094,JAUNPUR,BAKSA,5966
1095,JAUNPUR,BARSATHI,5967
1096,JAUNPUR,CHANDAWAK,5968
1097,JAUNPUR,GAURA BADSHAHPUR,5969
1098,JAUNPUR,JALALPUR,5970
1099,JAUNPUR,KERAKAT,5971
1100,JAUNPUR,KHETA SARAI,5972
1101,JAUNPUR,KHUTHAN,5973
1102,JAUNPUR,KOTWALI,5974
1103,JAUNPUR,LINE BAZAR,5975
1104,JAUNPUR,MACHHALI SHAHAR,5976
1105,JAUNPUR,MAHARAJ GANJ,5977
1106,JAUNPUR,MARIYAHUN,5978
1107,JAUNPUR,MEERGANJ,5979
1108,JAUNPUR,MUGRA BADSHAHPUR,5980
1109,JAUNPUR,NEWARIA,5981
1110,JAUNPUR,PAWARA,5982
1111,JAUNPUR,RAMPUR,5983
1112,JAUNPUR,SARAI KHWAJA,5984
1113,JAUNPUR,SARPATAHA,5985
1114,JAUNPUR,SHAHGANJ,5986
1115,JAUNPUR,SIGRA MAU,5987
1116,JAUNPUR,SIKRARA,5988
1117,JAUNPUR,SUJANGANJ,5989
1118,JAUNPUR,SURERI,5990
1119,JAUNPUR,ZAFRABAD,5991
1120,JAUNPUR,MARIYAHUN,6169
1121,JAUNPUR,MAHILA THANA,6170
1122,JAUNPUR,ANTI-HUMAN TRAFFICKING UNIT,6171
1123,JHANSI,ANTI POWER THEFT THANA JHANSI,1488
1124,JHANSI,ANTI-HUMAN TRAFFICKING UNIT,1487
1125,JHANSI,BABINA,989
1126,JHANSI,BARAGAON,990
1127,JHANSI,BARWA SAGAR,991
1128,JHANSI,CHIRGAON,992
1129,JHANSI,CYBER CRIME P.S. JHANSI,1489
1130,JHANSI,ERICH,993
1131,JHANSI,GAROTHA,994
1132,JHANSI,GRP JHANSI,1490
1133,JHANSI,GUR SARAI,995
1134,JHANSI,JHANSI-SECTOR (VIGILANCE ESTT.),1491
1135,JHANSI,KAKARWAI,996
1136,JHANSI,KATERA,997
1137,JHANSI,KOTWALI,998
1138,JHANSI,LEHCHURA,999
1139,JHANSI,MAHILA THANA,1486
1140,JHANSI,MAURANIPUR,1000
1141,JHANSI,MOTH,1001
1142,JHANSI,NAWABAD,1002
1143,JHANSI,POONCH,1003
1144,JHANSI,PREM NAGAR,1004
1145,JHANSI,RAKSA,1005
1146,JHANSI,SADAR BAZAR,1006
1147,JHANSI,SAKRAR,1007
1148,JHANSI,SAMTHAR,1008
1149,JHANSI,SHAHJHANPUR,1009
1150,JHANSI,SIPRI BAZAR,1010
1151,JHANSI,TEHRAULI,1011
1152,JHANSI,TODI FATEHPUR,1012
1153,JHANSI,ULDAN,1013
1154,JYOTIBA PHULE NAGAR (AMROHA),ADAMPUR,1014
1155,JYOTIBA PHULE NAGAR (AMROHA),AMROHA DEHAT,1015
1156,JYOTIBA PHULE NAGAR (AMROHA),AMROHA NAGAR,1016
1157,JYOTIBA PHULE NAGAR (AMROHA),BACHHRAON,1017
1158,JYOTIBA PHULE NAGAR (AMROHA),CHHAJLET,1018
1159,JYOTIBA PHULE NAGAR (AMROHA),DIDAULI,1020
1160,JYOTIBA PHULE NAGAR (AMROHA),GAJRAULA,1021
1161,JYOTIBA PHULE NAGAR (AMROHA),HASANPUR,1022
1162,JYOTIBA PHULE NAGAR (AMROHA),KANTH,1023
1163,JYOTIBA PHULE NAGAR (AMROHA),MAHILA THANA,6169
1164,JYOTIBA PHULE NAGAR (AMROHA),MANDI DHANAURA,1019
1165,JYOTIBA PHULE NAGAR (AMROHA),NAUGAWAN SADAT,1024
1166,JYOTIBA PHULE NAGAR (AMROHA),RAJJABPUR,1025
1167,JYOTIBA PHULE NAGAR (AMROHA),REHRA,6170
1168,JYOTIBA PHULE NAGAR (AMROHA),SAID NAGLI,1026
1169,KANNAUJ,BISHUN GARH,1027
1170,KANNAUJ,CHHIBRAMAU,1028
1171,KANNAUJ,GURSAHAIGANJ,1029
1172,KANNAUJ,INDERGARH,1030
1173,KANNAUJ,KOTWALI KANNAUJ,1031
1174,KANNAUJ,KOTWALI KANNAUJ,6170
1175,KANNAUJ,MAHILA POLICE STATION,6169
1176,KANNAUJ,SAURIKH,1032
1177,KANNAUJ,TALGRAM,1033
1178,KANNAUJ,THATHIA,1034
1179,KANNAUJ,TIRWA,1035
1180,KANPUR DEHAT,AKBARPUR,1074
1181,KANPUR DEHAT,AMRAHAT,1075
1182,KANPUR DEHAT,BARAUR,1076
1183,KANPUR DEHAT,BHOGNIPUR,1077
1184,KANPUR DEHAT,BILHAUR,6169
1185,KANPUR DEHAT,CHAUBEPUR,1079
1186,KANPUR DEHAT,DERAPUR,1080
1187,KANPUR DEHAT,DEVRAHAT,1081
1188,KANPUR DEHAT,GAJNER,1082
1189,KANPUR DEHAT,GHATAMPUR,1083
1190,KANPUR DEHAT,KAKWAN,1084
1191,KANPUR DEHAT,MAHILA THANA,109
1192,KANPUR DEHAT,MANGALPUR,1085
1193,KANPUR DEHAT,MOOSA NAGAR,1086
1194,KANPUR DEHAT,RAJPUR,1087
1195,KANPUR DEHAT,RASULABAD,1088
1196,KANPUR DEHAT,RURA,1089
1197,KANPUR DEHAT,SAADH,6170
1198,KANPUR DEHAT,SAJETI,1090
1199,KANPUR DEHAT,SATTI,1091
1200,KANPUR DEHAT,SHIVLI,1092
1201,KANPUR DEHAT,SHIVRAJPUR,1093
1202,KANPUR DEHAT,SIKANDARA,1094
1203,KANPUR NAGAR,ANTI POWER THEFT,6170
1204,KANPUR NAGAR,ANTI-HUMAN TRAFFICKING UNIT,6171
1205,KANPUR NAGAR,ANWARGANJ,1036
1206,KANPUR NAGAR,ARMAPUR,1037
1207,KANPUR NAGAR,BABU PURWA,1038
1208,KANPUR NAGAR,BADSHAHI NAKA,1039
1209,KANPUR NAGAR,BAJARIA,1040
1210,KANPUR NAGAR,BARRA,107
1211,KANPUR NAGAR,BEKAN GANJ,1041
1212,KANPUR NAGAR,BIDHNOO,1042
1213,KANPUR NAGAR,BITHOOR,1043
1214,KANPUR NAGAR,CANTT,1044
1215,KANPUR NAGAR,CHAKERI,1045
1216,KANPUR NAGAR,CHAMAN GANJ,1046
1217,KANPUR NAGAR,CHAUBEYPUR,1047
1218,KANPUR NAGAR,COLIECTOR GANJ,1048
1219,KANPUR NAGAR,COLONOL GANJ,1049
1220,KANPUR NAGAR,FAZALGANJ,1050
1221,KANPUR NAGAR,FEELKHANA,1051
1222,KANPUR NAGAR,GOVIND NAGAR,1052
1223,KANPUR NAGAR,GRP KANPUR NAGAR,6169
1224,KANPUR NAGAR,GWALTOLI,1053
1225,KANPUR NAGAR,HARBANS MOHAL,1054
1226,KANPUR NAGAR,JUHI,1055
1227,KANPUR NAGAR,KAKADEO,1056
1228,KANPUR NAGAR,KALYANPUR,1057
1229,KANPUR NAGAR,KIDWAI NAGAR,1058
1230,KANPUR NAGAR,KOHNA,1059
1231,KANPUR NAGAR,KOTWALI,1060
1232,KANPUR NAGAR,MAHARAJPUR,1061
1233,KANPUR NAGAR,MAHILA THANA,1062
1234,KANPUR NAGAR,MOOL GANJ,1063
1235,KANPUR NAGAR,NARWAL,1064
1236,KANPUR NAGAR,NAUBASTA,1065
1237,KANPUR NAGAR,NAWABGANJ,1066
1238,KANPUR NAGAR,NAZIRABAD,1067
1239,KANPUR NAGAR,PANKI,1068
1240,KANPUR NAGAR,RAILBAZAR,1069
1241,KANPUR NAGAR,RAIPURWA,1070
1242,KANPUR NAGAR,SACHENDI,1071
1243,KANPUR NAGAR,SISAMAU,1072
1244,KANPUR NAGAR,SWARUP NAGAR,1073
1245,KASGANJ,AHRAULA,5729
1246,KASGANJ,AMAPUR,766
1247,KASGANJ,ATRAULIA,5730
1248,KASGANJ,BARDAH,5731
1249,KASGANJ,BILARIAGANJ,5732
1250,KASGANJ,DEOGAON,5733
1251,KASGANJ,DHOLNA,769
1252,KASGANJ,DIDARGANJ,5734
1253,KASGANJ,GANJDUNDDWARA,770
1254,KASGANJ,GHAMBIRPUR,5735
1255,KASGANJ,GRP KASGANJ,6169
1256,KASGANJ,JAHANGANJ,5736
1257,KASGANJ,JEANPUR,5737
1258,KASGANJ,KANDHRAPUR,5738
1259,KASGANJ,KAPTAN GANJ,5739
1260,KASGANJ,KASGANJ,774
1261,KASGANJ,KISAUND(SUNNGARHI),775
1262,KASGANJ,KOTWALI,5740
1263,KASGANJ,MAHILA THANA,6170
1264,KASGANJ,MAHRAJ GANJ,5741
1265,KASGANJ,MEHNAGAR,5742
1266,KASGANJ,MEHNAJPUR,5743
1267,KASGANJ,MUBARKPUR,5744
1268,KASGANJ,NIZAMABAD,5745
1269,KASGANJ,PATIALI,783
1270,KASGANJ,PAWAI,5746
1271,KASGANJ,PHOOL PUR,5747
1272,KASGANJ,RANI-KI-SARAI,5748
1273,KASGANJ,RAUNAPAR,5749
1274,KASGANJ,SAHAWAR,787
1275,KASGANJ,SARAIMEER,5750
1276,KASGANJ,SIDHARI,5751
1277,KASGANJ,SIKANDERPUR VAISH,790
1278,KASGANJ,SIRHPURA,791
1279,KASGANJ,SOURON,792
1280,KASGANJ,TAHABARPUR,5752
1281,KASGANJ,TARWA,5753
1282,KAUSHAMBI,CHARWA,1095
1283,KAUSHAMBI,KADA,1487
1284,KAUSHAMBI,KARARI,1096
1285,KAUSHAMBI,KAUSHAMBI,1097
1286,KAUSHAMBI,KOKHRAJ,1098
1287,KAUSHAMBI,MAHEWA GHAT,1486
1288,KAUSHAMBI,MAHILA THANA,1488
1289,KAUSHAMBI,MANJHANPUR,1099
1290,KAUSHAMBI,MOHD. PAINSA,1100
1291,KAUSHAMBI,PACHIM SARIRA,1101
1292,KAUSHAMBI,PIPARI,1102
1293,KAUSHAMBI,PURAMUFTI,1103
1294,KAUSHAMBI,SAINI,1104
1295,KAUSHAMBI,SARAI AQIL,1105
1296,KUSHI NAGAR,AHIRAULI BAZAR,5992
1297,KUSHI NAGAR,ANTI HUMAN TRAFFICKING UNIT,6170
1298,KUSHI NAGAR,BARWA PATTI,5993
1299,KUSHI NAGAR,HANUMANGANJ,5994
1300,KUSHI NAGAR,JATAHAN BAZAR,5996
1301,KUSHI NAGAR,KAPTANGANJ,5997
1302,KUSHI NAGAR,KASYA,5998
1303,KUSHI NAGAR,KHADDA,5999
1304,KUSHI NAGAR,KOTWALI HATA,5995
1305,KUSHI NAGAR,KOTWALI PADRAUNA,6000
1306,KUSHI NAGAR,KUBER STHAN,6001
1307,KUSHI NAGAR,MAHILA THANA KUSHINAGAR,6169
1308,KUSHI NAGAR,NEBUA NAURANGIA,6002
1309,KUSHI NAGAR,PATAHERWA,6003
1310,KUSHI NAGAR,RAMKOLA,6004
1311,KUSHI NAGAR,SEVRAHI,6005
1312,KUSHI NAGAR,TARYA SUJAN,6006
1313,KUSHI NAGAR,TURKA PATTI,6007
1314,KUSHI NAGAR,VISHUNPURA,6008
1315,LAKHIMPUR KHERI,BHIRA,1106
1316,LAKHIMPUR KHERI,CHANDAN CHAUKI,1107
1317,LAKHIMPUR KHERI,DHAURAHRA,1108
1318,LAKHIMPUR KHERI,GAURIFANTA,1109
1319,LAKHIMPUR KHERI,GOLA,1110
1320,LAKHIMPUR KHERI,GRP,6170
1321,LAKHIMPUR KHERI,GRP LAKHIMPUR,112
1322,LAKHIMPUR KHERI,HAIDRABAD,1111
1323,LAKHIMPUR KHERI,ISANAGAR,1112
1324,LAKHIMPUR KHERI,KHIRI,1113
1325,LAKHIMPUR KHERI,KOTWALI,1114
1326,LAKHIMPUR KHERI,MAHILA THANA,6169
1327,LAKHIMPUR KHERI,MAIGALGANJ,1115
1328,LAKHIMPUR KHERI,MAILANI,1116
1329,LAKHIMPUR KHERI,MITAULI,1117
1330,LAKHIMPUR KHERI,MOHAMMADI,1118
1331,LAKHIMPUR KHERI,NEEMGAON,1119
1332,LAKHIMPUR KHERI,NIGHASAN,1120
1333,LAKHIMPUR KHERI,PALIA,1121
1334,LAKHIMPUR KHERI,PASGAWAN,1122
1335,LAKHIMPUR KHERI,PHARDHAN,1123
1336,LAKHIMPUR KHERI,PHOOL BEHAR,1124
1337,LAKHIMPUR KHERI,SAMPURNA NAGAR,1125
1338,LAKHIMPUR KHERI,SINGAHI,1126
1339,LAKHIMPUR KHERI,TIKONIA,1127
1340,LALITPUR,BALA BEHAT,1128
1341,LALITPUR,BANPUR,1129
1342,LALITPUR,BAR,1130
1343,LALITPUR,GIRRAR,1131
1344,LALITPUR,GRP LALITPUR,6170
1345,LALITPUR,JAKHALAUN,1132
1346,LALITPUR,JAKHAURA,1133
1347,LALITPUR,KOTWALI LALITPUR,1134
1348,LALITPUR,MADANPUR,1135
1349,LALITPUR,MADAWARA,1136
1350,LALITPUR,MAHILA THANA,6169
1351,LALITPUR,MAHRAUNI,1137
1352,LALITPUR,NARAHAT,1138
1353,LALITPUR,PALI,1139
1354,LALITPUR,POORA KALAN,1140
1355,LALITPUR,SOJANA,1141
1356,LALITPUR,TAL BEHAT,1142
1357,LUCKNOW,ALAMBAGH,1143
1358,LUCKNOW,ALIGANJ,1144
1359,LUCKNOW,AMINABAD,1145
1360,LUCKNOW,ASHIYANA,1146
1361,LUCKNOW,ATS,6176
1362,LUCKNOW,BAKSI KA TALAB,1147
1363,LUCKNOW,BANTHARA,1148
1364,LUCKNOW,BAZAR KHALA,1149
1365,LUCKNOW,CANTT,1150
1366,LUCKNOW,CHINHAT,1151
1367,LUCKNOW,CHOWK,1152
1368,LUCKNOW,CYBER CRIME,6179
1369,LUCKNOW,G.R.P.,6168
1370,LUCKNOW,GAUTAMPALLI,6170
1371,LUCKNOW,GAZIPUR,1153
1372,LUCKNOW,GODAMBA,1154
1373,LUCKNOW,GOMTI NAGAR,1155
1374,LUCKNOW,GOMTI NAGAR EXTENSION,6177
1375,LUCKNOW,GOSAINGANJ,1156
1376,LUCKNOW,HASAN GANJ,1157
1377,LUCKNOW,HAZRAT GANJ,1158
1378,LUCKNOW,HUSAINGANJ,1159
1379,LUCKNOW,INDIRA NAGAR,6171
1380,LUCKNOW,ITAUNJA,1160
1381,LUCKNOW,JANKIPURAM,6169
1382,LUCKNOW,KAKORI,1161
1383,LUCKNOW,KRISHNA NAGAR,1162
1384,LUCKNOW,MAHANAGAR,1163
1385,LUCKNOW,MAHILA THANA,1164
1386,LUCKNOW,MALIHABAD,1165
1387,LUCKNOW,MALL,1166
1388,LUCKNOW,MANAK NAGAR,1167
1389,LUCKNOW,MANDION,1168
1390,LUCKNOW,MOHAN LAL GANJ,1169
1391,LUCKNOW,NAGRAM,1170
1392,LUCKNOW,NAKA HINDOLA,1171
1393,LUCKNOW,NIGOHA,1172
1394,LUCKNOW,PARA,6172
1395,LUCKNOW,PGI,6173
1396,LUCKNOW,QAISER BAGH,1173
1397,LUCKNOW,R.P.F.,6175
1398,LUCKNOW,SAADATGANJ,1174
1399,LUCKNOW,SAROJINI NAGAR,1175
1400,LUCKNOW,SUSHANT GOLF CITY,6178
1401,LUCKNOW,TAL KATORA,1176
1402,LUCKNOW,THAKUR GANJ,1177
1403,LUCKNOW,VIBHUTI KHAND,6174
1404,LUCKNOW,VIKAS NAGAR,1178
1405,LUCKNOW,WAZIRGANJ,1179
1406,MAHARAJGANJ,BARGADWA,4
1407,MAHARAJGANJ,BRIJMANGANJ,14
1408,MAHARAJGANJ,CHAWK,6
1409,MAHARAJGANJ,G.R.P. (ANAND NAGAR),17
1410,MAHARAJGANJ,GHUGHULI,11
1411,MAHARAJGANJ,KOLHUI,16
1412,MAHARAJGANJ,KOTHIBHAR,9
1413,MAHARAJGANJ,KOTWALI (SADAR),1
1414,MAHARAJGANJ,KOTWALI (SONAULI),3
1415,MAHARAJGANJ,KOTWALI (THUTHIBARI),2
1416,MAHARAJGANJ,NAUTANWA,7
1417,MAHARAJGANJ,NICHLAUL,8
1418,MAHARAJGANJ,PANIYARA,12
1419,MAHARAJGANJ,PARSA MALIK,5
1420,MAHARAJGANJ,PHARENDA,13
1421,MAHARAJGANJ,PURANDARPUR,15
1422,MAHARAJGANJ,SHYAMDEURWA,10
1423,MAHARAJGANJ,SOHGIBARWA,18
1424,MAHOBA,AJNAR,1180
1425,MAHOBA,ANTI POWER THEFT THANA MAHOBA,6171
1426,MAHOBA,CHARKHARI,1181
1427,MAHOBA,G.R.P. MAHOBA,6170
1428,MAHOBA,KABRAI,1182
1429,MAHOBA,KHANNA,118
1430,MAHOBA,KHARELA,1183
1431,MAHOBA,KULPAHAR,1184
1432,MAHOBA,MAHILA THANA,6172
1433,MAHOBA,MAHOBA,1185
1434,MAHOBA,MAHOBAKANTH,1186
1435,MAHOBA,PANWARI,1187
1436,MAHOBA,SRINAGAR,1188
1437,MAHOBA,THANA KHANNA,6169
1438,MAINPURI,ALLAU,1189
1439,MAINPURI,ANTI POWER THEFT THANA MAINPURI,6169
1440,MAINPURI,BARNAHAL,1190
1441,MAINPURI,BEWAR,1191
1442,MAINPURI,BHOGAON,1192
1443,MAINPURI,DANNAHAR,1193
1444,MAINPURI,GHIROR,1194
1445,MAINPURI,KARHAL,1195
1446,MAINPURI,KISHNI,1196
1447,MAINPURI,KOTWALI,1197
1448,MAINPURI,KURAOLI,1198
1449,MAINPURI,KURRAH,1199
1450,MAINPURI,ONCHA,1200
1451,MAINPURI,VICHAWAN,1201
1452,MATHURA,BALDEO,1202
1453,MATHURA,BARSANA,1203
1454,MATHURA,CHHATA,1204
1455,MATHURA,FARAH,1205
1456,MATHURA,GOVARDHAN,1206
1457,MATHURA,GOVIND NAGAR,1207
1458,MATHURA,GRP,1486
1459,MATHURA,KOSI,1208
1460,MATHURA,KOTWALI,1209
1461,MATHURA,MAHAVAN,1488
1462,MATHURA,MAHILA THANA,122
1463,MATHURA,MANTH,1210
1464,MATHURA,MOGARRAH,1211
1465,MATHURA,NARHAULI (HIGHWAY),1212
1466,MATHURA,NAUJHIL,1213
1467,MATHURA,RAYA,1214
1468,MATHURA,REFINERY,1215
1469,MATHURA,RPF,1487
1470,MATHURA,SADABAD,1216
1471,MATHURA,SADAR BAZAR,1217
1472,MATHURA,SAHPAU,1218
1473,MATHURA,SHERGARH,1219
1474,MATHURA,SURIR,1220
1475,MATHURA,TELSHODHKARKHANA,1221
1476,MATHURA,VRINDAVAN,1222
1477,MATHURA,YAMUNAPAR,1223
1478,MAU,BADLAPUR,5965
1479,MAU,BAKSA,5966
1480,MAU,BARSATHI,5967
1481,MAU,CHANDAWAK,5968
1482,MAU,CHIRAIYAKOT,6026
1483,MAU,DAKSHINTOLA,6027
1484,MAU,DOHARIGHAT,6028
1485,MAU,G.R.P. MAU,6169
1486,MAU,GAURA BADSHAHPUR,5969
1487,MAU,GHOSI,6029
1488,MAU,HALDHARPUR,6030
1489,MAU,JALALPUR,5970
1490,MAU,KERAKAT,5971
1491,MAU,KHETA SARAI,5972
1492,MAU,KHUTHAN,5973
1493,MAU,KOPA GANJ,6031
1494,MAU,KOTWALI,5974
1495,MAU,KOTWALI MAU,6032
1496,MAU,LINE BAZAR,5975
1497,MAU,MACHHALI SHAHAR,5976
1498,MAU,MADHUBAN,6033
1499,MAU,MAHARAJ GANJ,5977
1500,MAU,MAHILA THANA,6170
1501,MAU,MARIYAHUN,5978
1502,MAU,MEERGANJ,5979
1503,MAU,MOHAMMADABAD,6034
1504,MAU,MUGRA BADSHAHPUR,5980
1505,MAU,NEWARIA,5981
1506,MAU,PAWARA,5982
1507,MAU,RAMPUR,6171
1508,MAU,RAMPUR,5983
1509,MAU,RANIPUR,6035
1510,MAU,SARAI KHWAJA,5984
1511,MAU,SARAI LAKHANSI,6036
1512,MAU,SARPATAHA,5985
1513,MAU,SHAHGANJ,5986
1514,MAU,SIGRA MAU,5987
1515,MAU,SIKRARA,5988
1516,MAU,SUJANGANJ,5989
1517,MAU,SURERI,5990
1518,MAU,ZAFRABAD,5991
1519,MEERUT,AHTU,1488
1520,MEERUT,AMINAGAR SARAI,1224
1521,MEERUT,BAHSUMA,1225
1522,MEERUT,BALAINI,1226
1523,MEERUT,BARAUT,1227
1524,MEERUT,BHAWANPUR,1228
1525,MEERUT,BINAULI,1229
1526,MEERUT,BRAHAMPURI,1230
1527,MEERUT,CHANDI NAGAR,1232
1528,MEERUT,CHHAPRAULI,1233
1529,MEERUT,CIVIL LINES,1234
1530,MEERUT,DAURALA,1235
1531,MEERUT,DAURALA,1487
1532,MEERUT,DELHI GATE,1236
1533,MEERUT,DOGHAT,1237
1534,MEERUT,FALAWDA,1238
1535,MEERUT,G.R.P,148
1536,MEERUT,GANGANAGAR,151
1537,MEERUT,HASTINAPUR,1239
1538,MEERUT,INCHAULI,1240
1539,MEERUT,JANI,1241
1540,MEERUT,KANKER KHERA,1242
1541,MEERUT,KHARKHAUDA,1243
1542,MEERUT,KHEKRA,1244
1543,MEERUT,KITHORE,1245
1544,MEERUT,KOTWALI,1246
1545,MEERUT,LAL KURTI,1247
1546,MEERUT,LISARIGATE,1248
1547,MEERUT,MAHILA THANA,1249
1548,MEERUT,MAWANA,1250
1549,MEERUT,MEDICAL,1251
1550,MEERUT,MUNDALI,1252
1551,MEERUT,NAUCHANDI,1253
1552,MEERUT,PALLAVPURAM,152
1553,MEERUT,PARIKSHATGARH,1254
1554,MEERUT,PARTAPUR,1255
1555,MEERUT,R.P.F.,126
1556,MEERUT,RAILWAY ROAD,1256
1557,MEERUT,RAMALA,1257
1558,MEERUT,ROHTA,1486
1559,MEERUT,SADAR BAZAR,1258
1560,MEERUT,SARDHANA,1259
1561,MEERUT,SAROORPUR,1260
1562,MEERUT,TRANSPORT NAGAR,1261
1563,MIRZAPUR,A.R.T.O. CHALAN,18
1564,MIRZAPUR,ADALHAT,8
1565,MIRZAPUR,AHRAURA,10
1566,MIRZAPUR,CHILLH,6
1567,MIRZAPUR,CHUNAR,9
1568,MIRZAPUR,G.R.P,15
1569,MIRZAPUR,HALIA,12
1570,MIRZAPUR,JAMALPUR,14
1571,MIRZAPUR,JIGINA,4
1572,MIRZAPUR,KACHHWA,7
1573,MIRZAPUR,KATRA,3
1574,MIRZAPUR,KOTWALI CITY,1
1575,MIRZAPUR,KOTWALI DEHAT,2
1576,MIRZAPUR,LAL GANJ,11
1577,MIRZAPUR,MADIHAN,13
1578,MIRZAPUR,MAHILA THANA,17
1579,MIRZAPUR,PANDRI,19
1580,MIRZAPUR,T.P.LINE,16
1581,MIRZAPUR,VINDHYACHAL,5
1582,MORADABAD,ADAMPUR,1262
1583,MORADABAD,AMROHA,1263
1584,MORADABAD,AMROHA DEHAT,1264
1585,MORADABAD,ANTI POWER THEFT THANA MORADABAD,6177
1586,MORADABAD,ASMOLI,1265
1587,MORADABAD,BACHHRAYUN,1266
1588,MORADABAD,BAHJOI,1267
1589,MORADABAD,BANIATHER,1268
1590,MORADABAD,BHAGATPUR,1269
1591,MORADABAD,BHOJPUR,1270
1592,MORADABAD,BILARI,1271
1593,MORADABAD,CHAJLET,1272
1594,MORADABAD,CHANDAUSI,1273
1595,MORADABAD,CIVIL LINES,1274
1596,MORADABAD,CYBER CRIME P.S MORADABAD,6178
1597,MORADABAD,DHANAURA MANDI,1275
1598,MORADABAD,DIDAULI,1276
1599,MORADABAD,DILARI,1277
1600,MORADABAD,FATEHGARH KURH,1278
1601,MORADABAD,GAJRAULA,1279
1602,MORADABAD,GOLSHAHID,1280
1603,MORADABAD,GRP MORADABAD,130
1604,MORADABAD,GUNNAUR,6170
1605,MORADABAD,HASANPUR,1281
1606,MORADABAD,HAYAT NAGAR,1282
1607,MORADABAD,HAZRAT NAGAR GARHI,1283
1608,MORADABAD,KANTH,1284
1609,MORADABAD,KATGHAR,1285
1610,MORADABAD,KOTWALI,1286
1611,MORADABAD,KUNDARKI,1287
1612,MORADABAD,MAHILA THANA,1288
1613,MORADABAD,MAINATHER,1289
1614,MORADABAD,MAJHAULA,1290
1615,MORADABAD,MOGHALPURA,1291
1616,MORADABAD,MOONDHA PANDEY,1292
1617,MORADABAD,NAGPHANI,1293
1618,MORADABAD,NAKHASA,1294
1619,MORADABAD,NAUGAWAN SADAT,1295
1620,MORADABAD,PAKVARA,1296
1621,MORADABAD,R.P.F. CHANDAUSI,6171
1622,MORADABAD,R.P.F. GAJRAULA,6173
1623,MORADABAD,R.P.F. HAPUR,6174
1624,MORADABAD,R.P.F. MORADABAD,6176
1625,MORADABAD,R.P.F. RAMPUR,6172
1626,MORADABAD,R.P.F. RURKI,6175
1627,MORADABAD,RAJJABPUR,1297
1628,MORADABAD,RPF RAMPUR,6169
1629,MORADABAD,SAIDNAGLI,1298
1630,MORADABAD,SAMBHAL,1299
1631,MORADABAD,SONAKPUR,6179
1632,MORADABAD,THAKURDWARA,1300
1633,MUZAFFARNAGAR,ADARSH MANDI SHAMLI,1301
1634,MUZAFFARNAGAR,BABRI,1302
1635,MUZAFFARNAGAR,BHAWAN,1303
1636,MUZAFFARNAGAR,BHOPA,1304
1637,MUZAFFARNAGAR,BHORAN KALAN,1305
1638,MUZAFFARNAGAR,BUDHANA,1306
1639,MUZAFFARNAGAR,CHARTHAWAL,1307
1640,MUZAFFARNAGAR,CHHAPAR,1308
1641,MUZAFFARNAGAR,CIVIL LINES,1309
1642,MUZAFFARNAGAR,G.R.P. MUZAFFARNAGAR,6169
1643,MUZAFFARNAGAR,GARHI PUKHTA,1310
1644,MUZAFFARNAGAR,JANSATH,1311
1645,MUZAFFARNAGAR,JHINJHANA,1312
1646,MUZAFFARNAGAR,KAIRANA,1313
1647,MUZAFFARNAGAR,KAKRAULI,1314
1648,MUZAFFARNAGAR,KANDHLA,1315
1649,MUZAFFARNAGAR,KHATAULI,1316
1650,MUZAFFARNAGAR,KOTWALI NAGAR,1317
1651,MUZAFFARNAGAR,MAHILA THANA,132
1652,MUZAFFARNAGAR,MANSOOR PUR,1318
1653,MUZAFFARNAGAR,MIRAPUR,1319
1654,MUZAFFARNAGAR,NAI MANDI,1320
1655,MUZAFFARNAGAR,PHUGANA,1321
1656,MUZAFFARNAGAR,PURKAJI,1322
1657,MUZAFFARNAGAR,RAMRAJ,1323
1658,MUZAFFARNAGAR,RATAN PURI,1324
1659,MUZAFFARNAGAR,SHAHAPUR,1325
1660,MUZAFFARNAGAR,SHAMLI,1326
1661,MUZAFFARNAGAR,SIKHERA,1327
1662,MUZAFFARNAGAR,TITAVI,1328
1663,PILIBHIT,AMARIA,1329
1664,PILIBHIT,ANTI POWER THEFT,6174
1665,PILIBHIT,ANTI-HUMAN TRAFFICKING UNIT,6175
1666,PILIBHIT,BARAHI FOREST RANGE,6173
1667,PILIBHIT,BARKHERA,1330
1668,PILIBHIT,BILSANDA,1331
1669,PILIBHIT,BISALPUR,1332
1670,PILIBHIT,CIRCLE-I,134
1671,PILIBHIT,DIYORIYAKALAN,1333
1672,PILIBHIT,G.R.P.,6170
1673,PILIBHIT,GAJRAULA,1334
1674,PILIBHIT,HAZARA,1335
1675,PILIBHIT,JAHANABAD,1336
1676,PILIBHIT,KOTWALI,1337
1677,PILIBHIT,MADHOTANDA,1338
1678,PILIBHIT,MAHILA THANA,6156
1679,PILIBHIT,MAHOF FOREST RANGE,6172
1680,PILIBHIT,MALA FOREST RANGE,6171
1681,PILIBHIT,NEORIA,1339
1682,PILIBHIT,PURAKALANDAR,846
1683,PILIBHIT,PURANPUR,1340
1684,PILIBHIT,SEHRAMAU NORTH,6169
1685,PILIBHIT,SUNGARHI,1341
1686,PRATAPGARH,ANTOO,1342
1687,PRATAPGARH,ASPUR DEOSARA,1343
1688,PRATAPGARH,BAGHRAI,1344
1689,PRATAPGARH,DILEEPPUR,1488
1690,PRATAPGARH,FATANPUR,1345
1691,PRATAPGARH,G.R.P.,136
1692,PRATAPGARH,HATHGWAN,1346
1693,PRATAPGARH,JATHWARA,1347
1694,PRATAPGARH,KANDHAI,1348
1695,PRATAPGARH,KONHDAUR,1349
1696,PRATAPGARH,KOTWALI CITY,1350
1697,PRATAPGARH,KUNDA,1351
1698,PRATAPGARH,LALGANJ,1352
1699,PRATAPGARH,LEELAPUR,1487
1700,PRATAPGARH,MAHESHGANJ,1353
1701,PRATAPGARH,MAHILA THANA,1486
1702,PRATAPGARH,MANDHATA,1354
1703,PRATAPGARH,MANIKPUR,1355
1704,PRATAPGARH,NAWABGANJ,1356
1705,PRATAPGARH,PATTI,1357
1706,PRATAPGARH,RANIGANJ,1358
1707,PRATAPGARH,SANGIPUR,1359
1708,PRATAPGARH,SANGRAMGARH,1360
1709,PRATAPGARH,UDAIPUR,1361
1710,RAE BARELI,ANTI POWER THEFT THANA RAE BARELI,6169
1711,RAE BARELI,BACHHRAWAN,1362
1712,RAE BARELI,BHADOKHAR,1363
1713,RAE BARELI,DALMAU,1364
1714,RAE BARELI,DEEH,1365
1715,RAE BARELI,FURSHAT GANJ,1366
1716,RAE BARELI,GADAGANJ,1367
1717,RAE BARELI,GURBUXGANJ,1368
1718,RAE BARELI,HARCHANDPUR,1369
1719,RAE BARELI,INDUSTRIAL AREA,1370
1720,RAE BARELI,JAGATPUR,1371
1721,RAE BARELI,JAIS,1372
1722,RAE BARELI,KHIRON,1373
1723,RAE BARELI,KOTWALI,1374
1724,RAE BARELI,LALGANJ,1375
1725,RAE BARELI,MAHARAJGANJ,1376
1726,RAE BARELI,MOHANGANJ,1377
1727,RAE BARELI,NASIRABAD,1378
1728,RAE BARELI,SALON,1379
1729,RAE BARELI,SARENI,1380
1730,RAE BARELI,SHEO GARH,1381
1731,RAE BARELI,SHEORATANGANJ,1382
1732,RAE BARELI,UNCHAHAR,1383
1733,SAHARANPUR,BARGAON,1399
1734,SAHARANPUR,BEHARIGARH,1400
1735,SAHARANPUR,BEHAT,1401
1736,SAHARANPUR,CHILKANA,1402
1737,SAHARANPUR,DEOBAND,1403
1738,SAHARANPUR,FATEHPUR,1404
1739,SAHARANPUR,GAGAL HERI,1405
1740,SAHARANPUR,GANGOH,1406
1741,SAHARANPUR,GRP,1486
1742,SAHARANPUR,JANAK PURI,1407
1743,SAHARANPUR,KOTWALI DEHAT,1408
1744,SAHARANPUR,KOTWALI NAGAR,1409
1745,SAHARANPUR,KUTUBSHER,1410
1746,SAHARANPUR,MAHILA THANA,1487
1747,SAHARANPUR,MANDI,1411
1748,SAHARANPUR,MIRZAPUR,1412
1749,SAHARANPUR,NAGAL,1413
1750,SAHARANPUR,NAKUR,1414
1751,SAHARANPUR,NANOTA,1415
1752,SAHARANPUR,RAILAWAY POLICE FORCE,142
1753,SAHARANPUR,RAMPUR,1416
1754,SAHARANPUR,SADAR BAZAR,1417
1755,SAHARANPUR,SARSAWA,1418
1756,SAHARANPUR,TEETRION,1419
1757,SAHARANPUR,TRAFFIC POLICE,1488
1758,SAMBHAL,ANTI POWER THEFT SAMBHAL,1488
1759,SAMBHAL,ASMOLI,1265
1760,SAMBHAL,ASMOLI,1489
1761,SAMBHAL,BAHJOI,1267
1762,SAMBHAL,BAHJOI,1490
1763,SAMBHAL,BANIATHER,1268
1764,SAMBHAL,BANIATHER,1491
1765,SAMBHAL,CHANDAUSI,1492
1766,SAMBHAL,CHANDAUSI,1273
1767,SAMBHAL,DHANARI,597
1768,SAMBHAL,DHANARI,1493
1769,SAMBHAL,FATEHGARH KURH,1494
1770,SAMBHAL,FATEHGARH KURH,1278
1771,SAMBHAL,GUNNAUR,599
1772,SAMBHAL,GUNNAUR,1495
1773,SAMBHAL,HAJRAT NAGAR GARHI,1501
1774,SAMBHAL,HAYAT NAGAR,1496
1775,SAMBHAL,HAYAT NAGAR,1282
1776,SAMBHAL,MAHILA THANA,1497
1777,SAMBHAL,NAKHASA,1498
1778,SAMBHAL,NARVASA,1294
1779,SAMBHAL,RAJAPURA,649
1780,SAMBHAL,RAJPURA,1499
1781,SAMBHAL,SAMBHAL,1299
1782,SAMBHAL,SAMBHAL,1500
1783,SHAHJAHANPUR,KATRA,1427
1784,SHAHJAHANPUR,SINDHAULI,1441
1785,SHAHJAHANPUR,KHUTAR,1429
1786,SHAHJAHANPUR,BANDA,1421
1787,SHAHJAHANPUR,MAHILA THANA,1487
1788,SHAHJAHANPUR,PARAUR,1434
1789,SHAHJAHANPUR,ALLAHGANJ,1420
1790,SHAHJAHANPUR,SADAR BAZAR,1440
1791,SHAHJAHANPUR,KANTH,1426
1792,SHAHJAHANPUR,KHUDAGANJ,1428
1793,SHAHJAHANPUR,GARHIYA RANGEEN,1422
1794,SHAHJAHANPUR,POWAYAN,1435
1795,SHAHJAHANPUR,S M NORTH,1438
1796,SHAHJAHANPUR,MADANPURA,1431
1797,SHAHJAHANPUR,JALALABAD,1424
1798,SHAHJAHANPUR,TILHAR,1442
1799,SHAHJAHANPUR,KALAN,1425
1800,SHAHJAHANPUR,LADIES POLICE STATION,144
1801,SHAHJAHANPUR,ROJA,1437
1802,SHAHJAHANPUR,NIGOHI,1433
1803,SHAHJAHANPUR,JAITIPUR,1423
1804,SHAHJAHANPUR,KOTWALI,1430
1805,SHAHJAHANPUR,MIRZAPUR,1432
1806,SHAHJAHANPUR,RAMCHANDRA MISSON,1436
1807,SHAHJAHANPUR,G.R.P.,1486
1808,SHAHJAHANPUR,S M SOUTH,1439
1809,SHAMLI,BABARI,1302
1810,SHAMLI,R.P.F SHAMLI,1488
1811,SHAMLI,GARHI PUKHTA,1310
1812,SHAMLI,GRP SHAMLI,1489
1813,SHAMLI,JHINJHANA,1312
1814,SHAMLI,KANDHLA,1315
1815,SHAMLI,MAHILA THANA SHAMLI,1490
1816,SHAMLI,SHAMLI,1326
1817,SHAMLI,KAIRANA,1313
1818,SHAMLI,BHAWAN,1303
1819,SHAMLI,ADARSH MANDI SHAMLI,1301
1820,SHRAVASTI,ANTI POWER THEFT THANA SHRAVASTI,6135
1821,SHRAVASTI,MAHILA THANA,6134
1822,SHRAVASTI,MALHIPUR,3
1823,SHRAVASTI,BHINGA RANGE,7
1824,SHRAVASTI,CHARDA RANGE,12
1825,SHRAVASTI,DARGAH SHARIF,14
1826,SHRAVASTI,EAST SOHELVA RANGE,8
1827,SHRAVASTI,BHINGA,1
1828,SHRAVASTI,NAVIN MODERN POLICE THANA,6137
1829,SHRAVASTI,HARIDATT NAGAR GRINT RANGE,13
1830,SHRAVASTI,KAKARDARI RANGE,10
1831,SHRAVASTI,SIRSIYA,2
1832,SHRAVASTI,GILAULA,4
1833,SHRAVASTI,NAWABGANJ,16
1834,SHRAVASTI,RISIYA,15
1835,SHRAVASTI,SHRAVASTI RANGE,11
1836,SHRAVASTI,WEST SOHELWA RANGE,9
1837,SHRAVASTI,SONVA,6
1838,SHRAVASTI,ANTI-HUMAN TRAFFICKING UNIT BHINGA,6136
1839,SHRAVASTI,IKAUNA,5
1840,SIDDHARTHNAGAR,A.R.T.O. SIDDHARTHNAGAR,22
1841,SIDDHARTHNAGAR,ANTI HUMAN TRAFFICKING UNIT,1490
1842,SIDDHARTHNAGAR,ANTI POWER THEFT THANA SIDDHARTHNAGAR,1487
1843,SIDDHARTHNAGAR,BANSI,9
1844,SIDDHARTHNAGAR,BHAWANIGANJ,13
1845,SIDDHARTHNAGAR,CHILHIYA,5
1846,SIDDHARTHNAGAR,DHARAMSINGHWA,12
1847,SIDDHARTHNAGAR,DHBBARUA,7
1848,SIDDHARTHNAGAR,DOMARIAGANJ,11
1849,SIDDHARTHNAGAR,G.R.P.,20
1850,SIDDHARTHNAGAR,GOLHAURA,18
1851,SIDDHARTHNAGAR,ITWA,8
1852,SIDDHARTHNAGAR,JOGIA UDAIPUR,10
1853,SIDDHARTHNAGAR,KAPILVASTU(ALIGARHWAH),4
1854,SIDDHARTHNAGAR,KATHELA SAMAY MATA,1489
1855,SIDDHARTHNAGAR,KHBSHARAHA,15
1856,SIDDHARTHNAGAR,L.C.S. BARHANI,21
1857,SIDDHARTHNAGAR,LOTAN,3
1858,SIDDHARTHNAGAR,MAHILA THANA,1486
1859,SIDDHARTHNAGAR,MISHRAULIA,14
1860,SIDDHARTHNAGAR,MOHANA,19
1861,SIDDHARTHNAGAR,PATHARA BAZAR,16
1862,SIDDHARTHNAGAR,SHIVNAGAR DIDAI,1488
1863,SIDDHARTHNAGAR,SHOHRATGARH,6
1864,SIDDHARTHNAGAR,SIDDHARTHNAGAR,1
1865,SIDDHARTHNAGAR,TRILOKPUR,17
1866,SIDDHARTHNAGAR,USKA BAZAR,2
1867,SITAPUR,ANTI POWER THEFT THANA SITAPUR,1487
1868,SITAPUR,ANTI-HUMAN TRAFFICKING UNIT,1486
1869,SITAPUR,ATARIA,1443
1870,SITAPUR,BISWAN,1444
1871,SITAPUR,G.R.P. SITAPUR,146
1872,SITAPUR,HARGAON,1445
1873,SITAPUR,IMALIA SULTANPUR,1446
1874,SITAPUR,KAMLAPUR,1447
1875,SITAPUR,KHAIRABAD,1448
1876,SITAPUR,KOTWALI,1449
1877,SITAPUR,KOTWALI DEHAT,1488
1878,SITAPUR,LAHARPUR,1450
1879,SITAPUR,MACHREHTA,1451
1880,SITAPUR,MAHILA THANA,1490
1881,SITAPUR,MAHMUDABAD,1452
1882,SITAPUR,MAHOLI,1453
1883,SITAPUR,MANPUR,1454
1884,SITAPUR,MISHRIT,1455
1885,SITAPUR,NAIMISHARANYA,1489
1886,SITAPUR,PISAWAN,1456
1887,SITAPUR,RAMKOT,1457
1888,SITAPUR,RAMPUR KALAN,1458
1889,SITAPUR,RAMPUR MATHURA,1459
1890,SITAPUR,RAUSA,1460
1891,SITAPUR,SADARPUR,1461
1892,SITAPUR,SAKRAN,1462
1893,SITAPUR,SANDHANA,1463
1894,SITAPUR,SIDHAULI,1464
1895,SITAPUR,TALGAON,1465
1896,SITAPUR,TAMBAUR,1466
1897,SITAPUR,THANGAON,1467
1898,SANT KABIR NAGAR,ANTI POWER THEFT THANA SANT KABIR NAGAR,1487
1899,SANT KABIR NAGAR,BAKHIRA,2
1900,SANT KABIR NAGAR,BELHARKALA,1486
1901,SANT KABIR NAGAR,DHANGHATA,7
1902,SANT KABIR NAGAR,DHARMSINGHWA,4
1903,SANT KABIR NAGAR,DUDHARA,3
1904,SANT KABIR NAGAR,KHALILABAD,1
1905,SANT KABIR NAGAR,MAHILA THANA SKN,148
1906,SANT KABIR NAGAR,MAHULI,5
1907,SANT KABIR NAGAR,MENHDAWAL,6
1908,SONBHADRA,A.R.T.O.,22
1909,SONBHADRA,ANPARA,9
1910,SONBHADRA,ANTI POWER THEFT,1487
1911,SONBHADRA,BABHANI,10
1912,SONBHADRA,BEEJPUR,15
1913,SONBHADRA,CHOPAN,2
1914,SONBHADRA,DUDHI,4
1915,SONBHADRA,GHORAWAL,12
1916,SONBHADRA,HATHINALA,18
1917,SONBHADRA,JUGAIL,21
1918,SONBHADRA,KARMA,11
1919,SONBHADRA,KON,7
1920,SONBHADRA,MAHILA THANA ROBERTSGANJ,1486
1921,SONBHADRA,MANCHI,13
1922,SONBHADRA,MYORPUR,20
1923,SONBHADRA,OBRA,5
1924,SONBHADRA,PANNUGANJ,3
1925,SONBHADRA,PIPARI,6
1926,SONBHADRA,RAIPUR,14
1927,SONBHADRA,RAMPURBARKONIYA,19
1928,SONBHADRA,ROBERTSGANJ,1
1929,SONBHADRA,SHAHGANJ,17
1930,SONBHADRA,SHAKTINAGAR,8
1931,SONBHADRA,T.I.,23
1932,SONBHADRA,WYNDHAMGANJ,16
1933,SULTANPUR,AKHAND NAGAR,4
1934,SULTANPUR,BALDI RAI,10
1935,SULTANPUR,BANDHUAKALAN,6171
1936,SULTANPUR,BAZAR SHUKUL,24
1937,SULTANPUR,CHANDA,1
1938,SULTANPUR,DHAMMAUR,19
1939,SULTANPUR,DHANPATGANJ,6172
1940,SULTANPUR,DSOTPUR,5
1941,SULTANPUR,GAURI GANG,20
1942,SULTANPUR,GOSAIGANG,7
1943,SULTANPUR,GRP SULTANPUR,6169
1944,SULTANPUR,HALIA PUR,12
1945,SULTANPUR,JAGDISH PUR,23
1946,SULTANPUR,JAISINGHPUR,8
1947,SULTANPUR,JAMO,27
1948,SULTANPUR,KAMRAULI,22
1949,SULTANPUR,KAROUNDI KALA,13
1950,SULTANPUR,KOTWALI AMETHI,17
1951,SULTANPUR,KOTWALI DEHAT,14
1952,SULTANPUR,KOTWALI KADIPUR,2
1953,SULTANPUR,KOTWALI LAMBHUA,3
1954,SULTANPUR,KOTWALI MUSAFIRKHANA,21
1955,SULTANPUR,KOTWALI NAGAR,25
1956,SULTANPUR,KUREBHAR,9
1957,SULTANPUR,KURWAR,11
1958,SULTANPUR,MAHILA THANA SULTANPUR,26
1959,SULTANPUR,MOTIGARPUR,6
1960,SULTANPUR,MUNSI GANG,18
1961,SULTANPUR,PIPER PUR,15
1962,SULTANPUR,RAMGANJ,6170
1963,SULTANPUR,SANGRAMPUR,16
1964,UNNAO,ACHALGANJ,1468
1965,UNNAO,AJGAIN,1469
1966,UNNAO,ASIWAN,1470
1967,UNNAO,ASOHA,1471
1968,UNNAO,AURAS,1472
1969,UNNAO,BANGERMAU,1473
1970,UNNAO,BARASAGWAR,1474
1971,UNNAO,BEHATA MUJAVAR,1487
1972,UNNAO,BIGHAPUR,1475
1973,UNNAO,BIHAR,1476
1974,UNNAO,DAHI,148
1975,UNNAO,FATEHPUR CHAURASI,1477
1976,UNNAO,G R P UNNAO,1488
1977,UNNAO,GANGAGHAT,1478
1978,UNNAO,HASANGANJ,1479
1979,UNNAO,KOTWALI,1480
1980,UNNAO,KOTWALI,470
1981,UNNAO,MAHILA THANA,1486
1982,UNNAO,MAKHI,1481
1983,UNNAO,MAURAWAN,1482
1984,UNNAO,PURWA,1483
1985,UNNAO,SAFIPUR,1484
1986,UNNAO,SOHRA MAU,1485
1987,VARANASI,A.H.T.U.,27
1988,VARANASI,ADAMPUR,15
1989,VARANASI,BARAGAON,22
1990,VARANASI,BHELUPUR,19
1991,VARANASI,CANTT.,13
1992,VARANASI,CHAUBEYPUR,18
1993,VARANASI,CHETGANJ,1
1994,VARANASI,CHOLAPUR,7
1995,VARANASI,CHOWK,6
1996,VARANASI,CYBER CRIME THANA,6173
1997,VARANASI,DASASWAMEDH,9
1998,VARANASI,GRP CANTT.,26
1999,VARANASI,JAITPURA,12
2000,VARANASI,JANSA,25
2001,VARANASI,KAPSETHI,10
2002,VARANASI,KOTWALI,14
2003,VARANASI,LALPUR PANDEYPUR,6172
2004,VARANASI,LANKA,3
2005,VARANASI,LOHTA,5
2006,VARANASI,LUXA,21
2007,VARANASI,MAHILA THANA,24
2008,VARANASI,MANDUADIH,2
2009,VARANASI,MIRZAMURAD,17
2010,VARANASI,PARYATAK,6170
2011,VARANASI,PHOOLPUR,11
2012,VARANASI,R.P.F.,6169
2013,VARANASI,RAMNAGAR,8
2014,VARANASI,ROHANIA,4
2015,VARANASI,SARNATH,23
2016,VARANASI,SHIVPUR,20
2017,VARANASI,SIGRA,16
2018,VARANASI,SINDHAURA,6171
